name,url,value,club_name,country_league,dob_and_age,birth_place,citizenship,height,postion,agent,current_international,caps/goals,foot,age,national_player,former_international
Gianluigi Donnarumma,/gianluigi-donnarumma/profil/spieler/315858,€45.00m,Paris Saint-Germain,FRA,"Feb 25, 1999 (24)",Castellammare di ...,Italy,"1,96 m",Goalkeeper,Team Raiola,Italy,54 / 0,right,24,,
Arnau Tenas,/arnau-tenas/profil/spieler/466783,€5.00m,Paris Saint-Germain,FRA,"May 30, 2001 (22)",Vic,Spain,"1,85 m",Goalkeeper,,,14 / 0,right,22,Spain U21,
Keylor Navas,/keylor-navas/profil/spieler/79422,€4.00m,Paris Saint-Germain,FRA,"Dec 15, 1986 (36)",San Isidro de El ...,Costa Rica,"1,85 m",Goalkeeper,,Costa Rica,110 / 0,right,36,,
Sergio Rico,/sergio-rico/profil/spieler/207302,€3.00m,Paris Saint-Germain,FRA,"Sep 1, 1993 (30)",Sevilla,Spain,"1,96 m",Goalkeeper,,,Jan-00,right,30,,Spain
Alexandre Letellier,/alexandre-letellier/profil/spieler/93730,€300k,Paris Saint-Germain,FRA,"Dec 11, 1990 (32)",Paris,France,"1,93 m",Goalkeeper,,,,right,32,,
Marquinhos,/marquinhos/profil/spieler/181767,€65.00m,Paris Saint-Germain,FRA,"May 14, 1994 (29)",São Paulo,Brazil,"1,83 m",Centre-Back,,Brazil,79 / 6,right,29,,
Milan Skriniar,/milan-skriniar/profil/spieler/204069,€50.00m,Paris Saint-Germain,FRA,"Feb 11, 1995 (28)",Žiar nad Hronom,Slovakia,"1,88 m",Centre-Back,,Slovakia,58 / 3,right,28,,
Lucas Hernández,/lucas-hernandez/profil/spieler/281963,€45.00m,Paris Saint-Germain,FRA,"Feb 14, 1996 (27)",Marseille,France,"1,84 m",Centre-Back,,France,34 / 0,left,27,,
Presnel Kimpembe,/presnel-kimpembe/profil/spieler/282041,€28.00m,Paris Saint-Germain,FRA,"Aug 13, 1995 (28)",Beaumont-sur-Oise,France,"1,83 m",Centre-Back,CAA Stellar,,28 / 0,left,28,,France
Nuno Mendes,/nuno-mendes/profil/spieler/616341,€65.00m,Paris Saint-Germain,FRA,"Jun 19, 2002 (21)",Lisboa,Portugal,"1,83 m",Left-Back,MRP.POSITIONUMBER,,19 / 0,left,21,Portugal,
Layvin Kurzawa,/layvin-kurzawa/profil/spieler/126710,€3.00m,Paris Saint-Germain,FRA,"Sep 4, 1992 (31)",Fréjus,France,"1,82 m",Left-Back,,,13 / 1,left,31,,France
Achraf Hakimi,/achraf-hakimi/profil/spieler/398073,€65.00m,Paris Saint-Germain,FRA,"Nov 4, 1998 (24)",Madrid,Morocco,"1,81 m",Right-Back,,Morocco,64 / 8,right,24,,
Nordi Mukiele,/nordi-mukiele/profil/spieler/348026,€18.00m,Paris Saint-Germain,FRA,"Nov 1, 1997 (25)",Montreuil,France,"1,87 m",Right-Back,Sport Cover,,Jan-00,right,25,,France
Manuel Ugarte,/manuel-ugarte/profil/spieler/476701,€50.00m,Paris Saint-Germain,FRA,"Apr 11, 2001 (22)",Montevideo,Uruguay,"1,82 m",Defensive Midfield,Gestifute,Uruguay,Sep-00,right,22,,
Danilo Pereira,/danilo-pereira/profil/spieler/141050,€10.00m,Paris Saint-Germain,FRA,"Sep 9, 1991 (32)",Bissau,Portugal,"1,88 m",Defensive Midfield,Gestifute,Portugal,68 / 2,right,32,,
Vitinha,/vitinha/profil/spieler/487469,€42.00m,Paris Saint-Germain,FRA,"Feb 13, 2000 (23)",Santo Tirso,Portugal,"1,72 m",Central Midfield,Gestifute,Portugal,Nov-00,right,23,,
Marco Verratti,/marco-verratti/profil/spieler/102558,€40.00m,Paris Saint-Germain,FRA,"Nov 5, 1992 (30)",Pescara,Italy,"1,65 m",Central Midfield,Rafaela Pimenta,,55 / 3,right,30,Italy,
Fabián Ruiz,/fabian-ruiz/profil/spieler/350219,€32.00m,Paris Saint-Germain,FRA,"Apr 3, 1996 (27)",Los Palacios y ...,Spain,"1,89 m",Central Midfield,,Spain,19 / 1,left,27,,
Carlos Soler,/carlos-soler/profil/spieler/372246,€25.00m,Paris Saint-Germain,FRA,"Jan 2, 1997 (26)",Valencia,Spain,"1,80 m",Central Midfield,,,14 / 4,right,26,Spain,
Warren Zaïre-Emery,/warren-zaire-emery/profil/spieler/810092,€20.00m,Paris Saint-Germain,FRA,"Mar 8, 2006 (17)",Montreuil,France,"1,78 m",Central Midfield,Is known - player U18,France U21,0 / 0,right,17,,
Edouard Michut,/edouard-michut/profil/spieler/659521,€2.50m,Paris Saint-Germain,FRA,"Mar 4, 2003 (20)",Aix-les-Bains,France,"1,77 m",Central Midfield,,,0 / 0,right,20,France U20,
Cher Ndour,/cher-ndour/profil/spieler/651005,€1.50m,Paris Saint-Germain,FRA,"Jul 27, 2004 (19)",Brescia,Italy,"1,90 m",Central Midfield,MRP.POSITIONUMBER,Italy U21,0 / 0,na,19,,
Kang-in Lee,/kang-in-lee/profil/spieler/557149,€22.00m,Paris Saint-Germain,FRA,"Feb 19, 2001 (22)",Incheon,"Korea, South","1,73 m",Attacking Midfield,,South Korea,14 / 0,left,22,,
Marco Asensio,/marco-asensio/profil/spieler/296622,€25.00m,Paris Saint-Germain,FRA,"Jan 21, 1996 (27)",Palma de Mallorca,Spain,"1,82 m",Left Winger,Gestifute,Spain,38 / 2,left,27,,
Julian Draxler,/julian-draxler/profil/spieler/85148,€6.00m,Paris Saint-Germain,FRA,"Sep 20, 1993 (29)",Gladbeck,Germany,"1,85 m",Left Winger,ROGON,,58 / 7,right,29,,Germany
Ousmane Dembélé,/ousmane-dembele/profil/spieler/288230,€60.00m,Paris Saint-Germain,FRA,"May 15, 1997 (26)",Vernon,France,"1,78 m",Right Winger,,France,38 / 4,na,26,,
Bradley Barcola,/bradley-barcola/profil/spieler/708265,€18.00m,Paris Saint-Germain,FRA,"Sep 2, 2002 (21)",Lyon,France,"1,82 m",Right Winger,Gestifute,France U21,2-Jul,right,21,,
Kylian Mbappé,/kylian-mbappe/profil/spieler/342229,€180.00m,Paris Saint-Germain,FRA,"Dec 20, 1998 (24)",Paris,France,"1,78 m",Centre-Forward,,France,71 / 40,right,24,,
Randal Kolo Muani,/randal-kolo-muani/profil/spieler/487969,€80.00m,Paris Saint-Germain,FRA,"Dec 5, 1998 (24)",Bondy,France,"1,87 m",Centre-Forward,,France,1-Sep,right,24,,
Gonçalo Ramos,/goncalo-ramos/profil/spieler/550550,€50.00m,Paris Saint-Germain,FRA,"Jun 20, 2001 (22)",Olhão,Portugal,"1,85 m",Centre-Forward,Gestifute,Portugal,4-Jul,right,22,,
Hugo Ekitiké,/hugo-ekitike/profil/spieler/709726,€20.00m,Paris Saint-Germain,FRA,"Jun 20, 2002 (21)",Reims,France,"1,89 m",Centre-Forward,,,0 / 0,right,21,,France U21
Ilyes Housni,/ilyes-housni/profil/spieler/825437,€3.50m,Paris Saint-Germain,FRA,"May 14, 2005 (18)",Créteil,France,"1,72 m",Centre-Forward,ROGON,,2-Mar,right,18,France U18,
Philipp Köhn,/philipp-kohn/profil/spieler/251322,€4.50m,AS Monaco,FRA,"Apr 2, 1998 (25)",Dinslaken,Switzerland,"1,90 m",Goalkeeper,,,0 / 0,right,25,Switzerland,
Radoslaw Majecki,/radoslaw-majecki/profil/spieler/346546,€2.00m,AS Monaco,FRA,"Nov 16, 1999 (23)",Starachowice,Poland,"1,93 m",Goalkeeper,,,Jan-00,right,23,,Poland
Yann Lienard,/yann-lienard/profil/spieler/745341,€200k,AS Monaco,FRA,"Mar 16, 2003 (20)",Aubagne,France,"1,92 m",Goalkeeper,,,Mar-00,right,20,France U20,
Mohammed Salisu,/mohammed-salisu/profil/spieler/563963,€18.00m,AS Monaco,FRA,"Apr 17, 1999 (24)",Kumasi,Ghana,"1,88 m",Centre-Back,CAA Stellar,,2-Jun,left,24,Ghana,
Guillermo Maripán,/guillermo-maripan/profil/spieler/249730,€10.00m,AS Monaco,FRA,"May 6, 1994 (29)",Vitacura,Chile,"1,90 m",Centre-Back,,Chile,40 / 2,right,29,,
Chrislain Matsima,/chrislain-matsima/profil/spieler/569383,€6.00m,AS Monaco,FRA,"May 15, 2002 (21)",Colombes,France,"1,93 m",Centre-Back,Classico,France U21,0 / 0,right,21,,
Yllan Okou,/yllan-okou/profil/spieler/745202,€300k,AS Monaco,FRA,"Dec 23, 2002 (20)",Poitiers,France,"1,89 m",Centre-Back,,,,left,20,,
Caio Henrique,/caio-henrique/profil/spieler/420064,€20.00m,AS Monaco,FRA,"Jul 31, 1997 (26)",Santos,Brazil,"1,78 m",Left-Back,,Brazil,Jan-00,left,26,,
Ismail Jakobs,/ismail-jakobs/profil/spieler/375137,€6.00m,AS Monaco,FRA,"Aug 17, 1999 (24)",Köln,Senegal,"1,84 m",Left-Back,Dirk Hebel,Senegal,Aug-00,left,24,,
Vanderson,/vanderson/profil/spieler/789082,€20.00m,AS Monaco,FRA,"Jun 21, 2001 (22)",Rondonópolis,Brazil,"1,73 m",Right-Back,,Brazil,Jan-00,right,22,,
Wilfried Singo,/wilfried-singo/profil/spieler/648779,€12.00m,AS Monaco,FRA,"Dec 25, 2000 (22)",Odienné,Cote d'Ivoire,"1,90 m",Right-Back,,Ivory Coast,Jul-00,right,22,,
Mohamed Camara,/mohamed-camara/profil/spieler/543382,€30.00m,AS Monaco,FRA,"Jan 6, 2000 (23)",Bamako,Mali,"1,73 m",Defensive Midfield,Unique Sports Group,Mali,17 / 3,right,23,,
Denis Zakaria,/denis-zakaria/profil/spieler/334526,€18.00m,AS Monaco,FRA,"Nov 20, 1996 (26)",Genf,Switzerland,"1,90 m",Defensive Midfield,,Switzerland,49 / 3,right,26,,
Soungoutou Magassa,/soungoutou-magassa/profil/spieler/745181,€800k,AS Monaco,FRA,"Oct 8, 2003 (19)",Stains,France,"1,88 m",Defensive Midfield,,,Feb-00,right,19,France U20,
Youssouf Fofana,/youssouf-fofana/profil/spieler/569598,€25.00m,AS Monaco,FRA,"Jan 10, 1999 (24)",Paris,France,"1,85 m",Central Midfield,,France,Oct-00,right,24,,
Eliot Matazo,/eliot-matazo/profil/spieler/535834,€7.00m,AS Monaco,FRA,"Feb 15, 2002 (21)",Woluwe-Saint-Lambert,Belgium,"1,70 m",Central Midfield,Classico,Belgium U21,Dec-00,right,21,,
Edan Diop,/edan-diop/profil/spieler/745178,€2.00m,AS Monaco,FRA,"Aug 28, 2004 (19)",Tours,France,"1,73 m",Central Midfield,,,3-Jun,right,19,France U19,
Aleksandr Golovin,/aleksandr-golovin/profil/spieler/263918,€28.00m,AS Monaco,FRA,"May 30, 1996 (27)","Kaltan, Kemerovo ...",Russia,"1,78 m",Attacking Midfield,,Russia,45 / 5,right,27,,
Eliesse Ben Seghir,/eliesse-ben-seghir/profil/spieler/810895,€18.00m,AS Monaco,FRA,"Feb 16, 2005 (18)",Saint-Tropez,France,"1,78 m",Attacking Midfield,,,Jan-00,right,18,France U19,
Maghnes Akliouche,/maghnes-akliouche/profil/spieler/745200,€6.00m,AS Monaco,FRA,"Feb 25, 2002 (21)",Tremblay-en-France,France,"1,83 m",Attacking Midfield,,France U21,0 / 0,left,21,,
Takumi Minamino,/takumi-minamino/profil/spieler/165793,€6.00m,AS Monaco,FRA,"Jan 16, 1995 (28)","Izumisano, Osaka",Japan,"1,72 m",Left Winger,,,47 / 17,right,28,Japan,
Krépin Diatta,/krepin-diatta/profil/spieler/490426,€15.00m,AS Monaco,FRA,"Feb 25, 1999 (24)",Dakar,Senegal,"1,75 m",Right Winger,,Senegal,33 / 2,right,24,,
Gelson Martins,/gelson-martins/profil/spieler/257448,€5.00m,AS Monaco,FRA,"May 11, 1995 (28)",Praia,Portugal,"1,70 m",Right Winger,,,21 / 0,right,28,,Portugal
Folarin Balogun,/folarin-balogun/profil/spieler/503770,€30.00m,AS Monaco,FRA,"Jul 3, 2001 (22)","New York City, New ...",United States,"1,78 m",Centre-Forward,,USA,1-Mar,right,22,,
Breel Embolo,/breel-embolo/profil/spieler/237662,€20.00m,AS Monaco,FRA,"Feb 14, 1997 (26)",Yaoundé,Switzerland,"1,87 m",Centre-Forward,,,63 / 13,right,26,Switzerland,
Wissam Ben Yedder,/wissam-ben-yedder/profil/spieler/146854,€15.00m,AS Monaco,FRA,"Aug 12, 1990 (33)",Sarcelles,France,"1,70 m",Centre-Forward,Sport Cover,,19 / 3,na,33,,France
Myron Boadu,/myron-boadu/profil/spieler/412932,€7.00m,AS Monaco,FRA,"Jan 14, 2001 (22)",Amsterdam,Netherlands,"1,81 m",Centre-Forward,Team Raiola,,1-Jan,right,22,,Netherlands
Gauthier Gallon,/gauthier-gallon/profil/spieler/193256,€2.00m,Stade Rennais FC,FRA,"Apr 23, 1993 (30)",Nice,France,"1,86 m",Goalkeeper,Kemari,,,right,30,,
Steve Mandanda,/steve-mandanda/profil/spieler/23951,€1.00m,Stade Rennais FC,FRA,"Mar 28, 1985 (38)",Kinshasa,France,"1,87 m",Goalkeeper,,,35 / 0,right,38,,France
Geoffrey Lembet,/geoffrey-lembet/profil/spieler/72414,€150k,Stade Rennais FC,FRA,"Sep 23, 1988 (34)",Villeneuve-Saint-Geo...,Central African Republic,"1,86 m",Goalkeeper,,Central Africa,36 / 0,right,34,,
Arthur Theate,/arthur-theate/profil/spieler/368891,€22.00m,Stade Rennais FC,FRA,"May 25, 2000 (23)",Liège,Belgium,"1,85 m",Centre-Back,,Belgium,Sep-00,left,23,,
Warmed Omari,/warmed-omari/profil/spieler/711996,€9.00m,Stade Rennais FC,FRA,"Apr 23, 2000 (23)",Bandraboua,France,"1,88 m",Centre-Back,,,Feb-00,right,23,France U21,
Jeanuël Belocian,/jeanuel-belocian/profil/spieler/919515,€7.00m,Stade Rennais FC,FRA,"Feb 17, 2005 (18)",Les Abymes,France,"1,82 m",Centre-Back,,,Apr-00,left,18,France U18,
Christopher Wooh,/christopher-wooh/profil/spieler/572326,€6.00m,Stade Rennais FC,FRA,"Sep 18, 2001 (21)",Louvres,Cameroon,"1,91 m",Centre-Back,Classico,Cameroon,May-00,right,21,,
Adrien Truffert,/adrien-truffert/profil/spieler/654539,€18.00m,Stade Rennais FC,FRA,"Nov 20, 2001 (21)",Liège,France,"1,76 m",Left-Back,CAA Stellar,,Jan-00,left,21,France,
Lorenz Assignon,/lorenz-assignon/profil/spieler/711969,€5.00m,Stade Rennais FC,FRA,"Jun 22, 2000 (23)",Grasse,France,"1,81 m",Right-Back,,,,right,23,,
Guéla Doué,/guela-doue/profil/spieler/711980,€300k,Stade Rennais FC,FRA,"Oct 17, 2002 (20)",Angers,Cote d'Ivoire,"1,86 m",Right-Back,,,0 / 0,na,20,Ivory Coast U23,
Baptiste Santamaria,/baptiste-santamaria/profil/spieler/285323,€14.00m,Stade Rennais FC,FRA,"Mar 9, 1995 (28)",Saint-Doulchard,France,"1,83 m",Defensive Midfield,,,Mar-00,right,28,,France U20
Nemanja Matic,/nemanja-matic/profil/spieler/74683,€4.00m,Stade Rennais FC,FRA,"Aug 1, 1988 (35)",Šabac,Serbia,"1,94 m",Defensive Midfield,Universal Twenty Two,,48 / 2,left,35,,Serbia
Benjamin Bourigeaud,/benjamin-bourigeaud/profil/spieler/266359,€18.00m,Stade Rennais FC,FRA,"Jan 14, 1994 (29)",Calais,France,"1,78 m",Central Midfield,,,Feb-00,right,29,,France U20
Ludovic Blas,/ludovic-blas/profil/spieler/288225,€20.00m,Stade Rennais FC,FRA,"Dec 31, 1997 (25)",Colombes,France,"1,80 m",Attacking Midfield,Sport Cover,,14 / 1,left,25,,France U20
Enzo Le Fée,/enzo-le-fee/profil/spieler/633992,€20.00m,Stade Rennais FC,FRA,"Feb 3, 2000 (23)",Lorient,France,"1,70 m",Attacking Midfield,,,3-Jul,right,23,France U21,
Fabian Rieder,/fabian-rieder/profil/spieler/507341,€15.00m,Stade Rennais FC,FRA,"Feb 16, 2002 (21)",Bern,Switzerland,"1,81 m",Attacking Midfield,,,Apr-00,left,21,Switzerland,
Désiré Doué,/desire-doue/profil/spieler/914562,€15.00m,Stade Rennais FC,FRA,"Jun 3, 2005 (18)",Angers,France,"1,81 m",Attacking Midfield,,France U19,0 / 0,right,18,,
Martin Terrier,/martin-terrier/profil/spieler/442891,€30.00m,Stade Rennais FC,FRA,"Mar 4, 1997 (26)",Armentières,France,"1,84 m",Left Winger,,,13 / 7,right,26,,France U21
Ibrahim Salah,/ibrahim-salah/profil/spieler/928323,€3.00m,Stade Rennais FC,FRA,"Aug 30, 2001 (22)",Saint-Josse-ten-Nood...,Morocco,"1,85 m",Left Winger,,Morocco,0 / 0,right,22,,
Amine Gouiri,/amine-gouiri/profil/spieler/418659,€35.00m,Stade Rennais FC,FRA,"Feb 16, 2000 (23)",Bourgoin-Jallieu,France,"1,81 m",Centre-Forward,,,29 / 12,right,23,France U21,
Arnaud Kalimuendo,/arnaud-kalimuendo/profil/spieler/585959,€22.00m,Stade Rennais FC,FRA,"Jan 20, 2002 (21)",Suresnes,France,"1,75 m",Centre-Forward,,France U21,15 / 4,right,21,,
Bertug Yildirim,/bertug-yildirim/profil/spieler/672803,€2.70m,Stade Rennais FC,FRA,"Jul 12, 2002 (21)",Istanbul,Turkey,"1,91 m",Centre-Forward,FutureBall,Turkey,1-Jan,right,21,,
Pau López,/pau-lopez/profil/spieler/286415,€14.00m,Olympique Marseille,FRA,"Dec 13, 1994 (28)",Girona,Spain,"1,89 m",Goalkeeper,,,Feb-00,left,28,,Spain
Rubén Blanco,/ruben-blanco/profil/spieler/199321,€4.00m,Olympique Marseille,FRA,"Jul 25, 1995 (28)",Mos,Spain,"1,88 m",Goalkeeper,,,Feb-00,right,28,,Spain U21
Simon Ngapandouetnbu,/simon-ngapandouetnbu/profil/spieler/696600,€400k,Olympique Marseille,FRA,"Apr 12, 2003 (20)",Foumban,Cameroon,"1,86 m",Goalkeeper,,Cameroon U23,0 / 0,right,20,,
Chancel Mbemba,/chancel-mbemba/profil/spieler/203348,€20.00m,Olympique Marseille,FRA,"Aug 8, 1994 (29)",Kinshasa,DR Congo,"1,82 m",Centre-Back,,DR Congo,69 / 4,right,29,,
Samuel Gigot,/samuel-gigot/profil/spieler/276896,€10.00m,Olympique Marseille,FRA,"Oct 12, 1993 (29)",Avignon,France,"1,87 m",Centre-Back,,,,right,29,,
Leonardo Balerdi,/leonardo-balerdi/profil/spieler/575998,€10.00m,Olympique Marseille,FRA,"Jan 26, 1999 (24)",Villa Mercedes,Argentina,"1,87 m",Centre-Back,SP,,Feb-00,right,24,Argentina,
Bamo Meïté,/bamo-meite/profil/spieler/807165,€2.50m,Olympique Marseille,FRA,"Dec 3, 2001 (21)",Kani,Cote d'Ivoire,"1,83 m",Centre-Back,,,,,21,,
Renan Lodi,/renan-lodi/profil/spieler/476352,€20.00m,Olympique Marseille,FRA,"Apr 8, 1998 (25)",Serrana,Brazil,"1,73 m",Left-Back,,Brazil,17 / 0,left,25,,
Jonathan Clauss,/jonathan-clauss/profil/spieler/175639,€14.00m,Olympique Marseille,FRA,"Sep 25, 1992 (30)",Strasbourg,France,"1,78 m",Right-Back,,,Jun-00,right,30,France,
Amir Murillo,/amir-murillo/profil/spieler/354482,€3.00m,Olympique Marseille,FRA,"Feb 11, 1996 (27)",Colón,Panama,"1,84 m",Right-Back,SEG,,65 / 6,right,27,Panama,
Geoffrey Kondogbia,/geoffrey-kondogbia/profil/spieler/127189,€14.00m,Olympique Marseille,FRA,"Feb 15, 1993 (30)",Nemours,Central African Republic,"1,88 m",Defensive Midfield,Sport Cover,Central Africa,2-Nov,left,30,,
Pape Gueye,/pape-gueye/profil/spieler/485963,€10.00m,Olympique Marseille,FRA,"Jan 24, 1999 (24)",Montreuil,Senegal,"1,89 m",Defensive Midfield,ROOF,Senegal,17 / 0,left,24,,
Valentin Rongier,/valentin-rongier/profil/spieler/332889,€22.00m,Olympique Marseille,FRA,"Dec 7, 1994 (28)",Mâcon,France,"1,72 m",Central Midfield,,,,right,28,,
Jordan Veretout,/jordan-veretout/profil/spieler/164771,€16.00m,Olympique Marseille,FRA,"Mar 1, 1993 (30)",Ancenis,France,"1,77 m",Central Midfield,VV Consulting,,Jun-00,right,30,France,
Azzedine Ounahi,/azzedine-ounahi/profil/spieler/593482,€12.00m,Olympique Marseille,FRA,"Apr 19, 2000 (23)",Casablanca,Morocco,"1,82 m",Central Midfield,,Morocco,18 / 2,right,23,,
Bilal Nadir,/bilal-nadir/profil/spieler/659520,€150k,Olympique Marseille,FRA,"Nov 28, 2003 (19)",Nice,France,"1,72 m",Central Midfield,,,Mar-00,right,19,,France U19
Emran Soglo,/emran-soglo/profil/spieler/913495,,Olympique Marseille,FRA,"Jul 11, 2005 (18)",Créteil,England,"1,78 m",Left Midfield,,England U20,0 / 0,left,18,,
Amine Harit,/amine-harit/profil/spieler/372711,€12.00m,Olympique Marseille,FRA,"Jun 18, 1997 (26)",Pontoise,Morocco,"1,80 m",Attacking Midfield,Sport Cover,Morocco,16 / 0,right,26,,
Ismaïla Sarr,/ismaila-sarr/profil/spieler/410225,€20.00m,Olympique Marseille,FRA,"Feb 25, 1998 (25)",Saint-Louis,Senegal,"1,85 m",Right Winger,,Senegal,54 / 11,right,25,,
François Mughe,/francois-mughe/profil/spieler/1027216,€300k,Olympique Marseille,FRA,"Jun 16, 2004 (19)",Douala,Cameroon,"1,73 m",Right Winger,,Cameroon,0 / 0,right,19,,
Iliman Ndiaye,/iliman-ndiaye/profil/spieler/623570,€18.00m,Olympique Marseille,FRA,"Mar 6, 2000 (23)",Rouen,Senegal,"1,80 m",Second Striker,Classico,Senegal,1-Jul,right,23,,
Joaquín Correa,/joaquin-correa/profil/spieler/227081,€12.00m,Olympique Marseille,FRA,"Aug 13, 1994 (29)",Juan Bautista ...,Argentina,"1,88 m",Second Striker,,,19 / 4,right,29,Argentina,
Vitinha,/vitinha/profil/spieler/586853,€18.00m,Olympique Marseille,FRA,"Mar 15, 2000 (23)",Cabeceiras de Basto,Portugal,"1,78 m",Centre-Forward,,,4-Oct,right,23,Portugal U21,
Pierre-Emerick Aubameyang,/pierre-emerick-aubameyang/profil/spieler/58864,€4.00m,Olympique Marseille,FRA,"Jun 18, 1989 (34)",Laval,Gabon,"1,87 m",Centre-Forward,,Gabon,74 / 30,right,34,,
Marcin Bulka,/marcin-bulka/profil/spieler/465955,€2.00m,OGC Nice,FRA,"Oct 4, 1999 (23)",Płock,Poland,"1,99 m",Goalkeeper,,Poland,0 / 0,right,23,,
Teddy Boulhendi,/teddy-boulhendi/profil/spieler/789419,€150k,OGC Nice,FRA,"Apr 9, 2001 (22)",Martigues,Algeria,"1,85 m",Goalkeeper,,Algeria U23,0 / 0,,22,,
Jean-Clair Todibo,/jean-clair-todibo/profil/spieler/605184,€30.00m,OGC Nice,FRA,"Dec 30, 1999 (23)",Cayenne,France,"1,90 m",Centre-Back,,France,0 / 0,right,23,,
Youssouf Ndayishimiye,/youssouf-ndayishimiye/profil/spieler/674612,€12.00m,OGC Nice,FRA,"Oct 27, 1998 (24)",Bujumbura,Burundi,"1,83 m",Centre-Back,FutureBall,Burundi,18 / 1,right,24,,
Dante,/dante/profil/spieler/16136,€600k,OGC Nice,FRA,"Oct 18, 1983 (39)",Salvador da Bahia,Brazil,"1,88 m",Centre-Back,,,13 / 2,left,39,,Brazil
Yannis Nahounou,/yannis-nahounou/profil/spieler/904707,€150k,OGC Nice,FRA,"May 16, 2004 (19)",Meaux,France,"1,93 m",Centre-Back,,France U20,0 / 0,right,19,,
Romain Perraud,/romain-perraud/profil/spieler/318523,€12.00m,OGC Nice,FRA,"Sep 22, 1997 (25)",Toulouse,France,"1,73 m",Left-Back,Unique Sports Group,,0 / 0,left,25,,France U21
Melvin Bard,/melvin-bard/profil/spieler/532775,€7.00m,OGC Nice,FRA,"Nov 6, 2000 (22)",Écully,France,"1,73 m",Left-Back,,,Jan-00,left,22,,France U23
Ayoub Amraoui,/ayoub-amraoui/profil/spieler/860051,€2.50m,OGC Nice,FRA,"May 14, 2004 (19)",La Seyne,Morocco,"1,84 m",Left-Back,,Morocco U23,May-00,left,19,,
Jordan Lotomba,/jordan-lotomba/profil/spieler/313094,€8.00m,OGC Nice,FRA,"Sep 29, 1998 (24)",Yverdon-les-Bains,Switzerland,"1,77 m",Right-Back,Classico,,1-Jul,right,24,Switzerland,
Youcef Atal,/youcef-atal/profil/spieler/416108,€7.00m,OGC Nice,FRA,"May 17, 1996 (27)",Boghni,Algeria,"1,76 m",Right-Back,,,29 / 2,na,27,Algeria,
Antoine Mendy,/antoine-mendy/profil/spieler/891998,€1.00m,OGC Nice,FRA,"May 27, 2004 (19)",Marseille,France,"1,87 m",Right-Back,,,,right,19,,
Pablo Rosario,/pablo-rosario/profil/spieler/370791,€6.00m,OGC Nice,FRA,"Jan 7, 1997 (26)",Amsterdam,Netherlands,"1,85 m",Defensive Midfield,Team Raiola,,Jan-00,right,26,,Netherlands
Alexis Beka Beka,/alexis-beka-beka/profil/spieler/539065,€4.50m,OGC Nice,FRA,"Mar 29, 2001 (22)",Paris,France,"1,78 m",Defensive Midfield,Classico,,Jan-00,right,22,,France U23
Reda Belahyane,/reda-belahyane/profil/spieler/982855,€300k,OGC Nice,FRA,"Jun 1, 2004 (19)",Aubervilliers,France,"1,69 m",Defensive Midfield,,,May-00,,19,,France U18
Khéphren Thuram,/khephren-thuram/profil/spieler/463618,€40.00m,OGC Nice,FRA,"Mar 26, 2001 (22)",Reggio Emilia,France,"1,92 m",Central Midfield,,,Jan-00,right,22,France,
Hicham Boudaoui,/hicham-boudaoui/profil/spieler/560593,€8.00m,OGC Nice,FRA,"Sep 23, 1999 (23)",Béchar,Algeria,"1,75 m",Central Midfield,Elite Sports ...,Algeria,Dec-00,right,23,,
Morgan Sanson,/morgan-sanson/profil/spieler/174094,€6.00m,OGC Nice,FRA,"Aug 18, 1994 (29)",Saint-Doulchard,France,"1,80 m",Central Midfield,,,2-Oct,right,29,,France U21
Daouda Traoré,/daouda-traore/profil/spieler/986300,€100k,OGC Nice,FRA,"Jul 22, 2006 (17)",Ivry-sur-Seine,France,"1,86 m",Right Midfield,,,1-Dec,,17,France U17,
Alexis Claude-Maurice,/alexis-claude-maurice/profil/spieler/384593,€4.50m,OGC Nice,FRA,"Jun 6, 1998 (25)",Noisy-le-Grand,France,"1,74 m",Attacking Midfield,Sport Cover,,Feb-00,right,25,,France U21
Sofiane Diop,/sofiane-diop/profil/spieler/569389,€15.00m,OGC Nice,FRA,"Jun 9, 2000 (23)",Tours,France,"1,75 m",Left Winger,,,4-Nov,right,23,France U21,
Jérémie Boga,/jeremie-boga/profil/spieler/216569,€14.00m,OGC Nice,FRA,"Jan 3, 1997 (26)",Marseille,Cote d'Ivoire,"1,72 m",Left Winger,,,1-Dec,right,26,Ivory Coast,
Aliou Baldé,/aliou-balde/profil/spieler/666977,€800k,OGC Nice,FRA,"Dec 12, 2002 (20)",Baghagha,Senegal,"1,70 m",Left Winger,Ediz Balkan,Senegal U23,0 / 0,right,20,,
Badredine Bouanani,/badredine-bouanani/profil/spieler/707242,€6.00m,OGC Nice,FRA,"Dec 8, 2004 (18)",Lille,Algeria,"1,77 m",Right Winger,Classico,Algeria,Mar-00,left,18,,
Terem Moffi,/terem-moffi/profil/spieler/538874,€20.00m,OGC Nice,FRA,"May 25, 1999 (24)",Calabar,Nigeria,"1,88 m",Centre-Forward,,,3-Oct,left,24,Nigeria,
Gaëtan Laborde,/gaetan-laborde/profil/spieler/181378,€16.00m,OGC Nice,FRA,"May 3, 1994 (29)",Mont-de-Marsan,France,"1,81 m",Centre-Forward,,,May-00,left,29,,France U20
Evann Guessand,/evann-guessand/profil/spieler/500689,€4.50m,OGC Nice,FRA,"Jul 1, 2001 (22)",Ajaccio,France,"1,85 m",Centre-Forward,,,Apr-00,right,22,,France U19
Lucas Chevalier,/lucas-chevalier/profil/spieler/463600,€10.00m,LOSC Lille,FRA,"Nov 6, 2001 (21)",Calais,France,"1,89 m",Goalkeeper,,,Jan-00,right,21,France U21,
Vito Mannone,/vito-mannone/profil/spieler/33781,€300k,LOSC Lille,FRA,"Mar 2, 1988 (35)",Desio,Italy,"1,89 m",Goalkeeper,,,Aug-00,right,35,,Italy U21
Adam Jakubech,/adam-jakubech/profil/spieler/258267,€300k,LOSC Lille,FRA,"Jan 2, 1997 (26)",Prešov,Slovakia,"1,88 m",Goalkeeper,FairSport,,Jan-00,right,26,,Slovakia
Tiago Djaló,/tiago-djalo/profil/spieler/420465,€16.00m,LOSC Lille,FRA,"Apr 9, 2000 (23)",Amadora,Portugal,"1,90 m",Centre-Back,,,0 / 0,right,23,Portugal,
Leny Yoro,/leny-yoro/profil/spieler/923831,€10.00m,LOSC Lille,FRA,"Nov 13, 2005 (17)",Saint-Maurice,France,"1,90 m",Centre-Back,,France U21,0 / 0,right,17,,
Bafodé Diakité,/bafode-diakite/profil/spieler/463605,€10.00m,LOSC Lille,FRA,"Jan 6, 2001 (22)",Toulouse,France,"1,85 m",Centre-Back,Classico,,Jan-00,right,22,France U21,
Alexsandro,/alexsandro/profil/spieler/648020,€5.00m,LOSC Lille,FRA,"Aug 9, 1999 (24)",Rio de Janeiro,Brazil,"1,89 m",Centre-Back,,,,right,24,,
Samuel Umtiti,/samuel-umtiti/profil/spieler/126540,€4.00m,LOSC Lille,FRA,"Nov 14, 1993 (29)",Yaoundé,France,"1,82 m",Centre-Back,,,31 / 4,left,29,,France
Gabriel Gudmundsson,/gabriel-gudmundsson/profil/spieler/362108,€4.50m,LOSC Lille,FRA,"Apr 29, 1999 (24)",Malmö,Sweden,"1,80 m",Left-Back,,,May-00,left,24,Sweden,
Ismaily,/ismaily/profil/spieler/124028,€2.50m,LOSC Lille,FRA,"Jan 11, 1990 (33)",Ivinhema,Brazil,"1,77 m",Left-Back,,,0 / 0,left,33,,Brazil
Tiago Santos,/tiago-santos/profil/spieler/816580,€3.50m,LOSC Lille,FRA,"Jul 23, 2002 (21)",Lisboa,Portugal,"1,75 m",Right-Back,Gestifute,Portugal U21,Jan-00,right,21,,
Akim Zedadka,/akim-zedadka/profil/spieler/327863,€2.50m,LOSC Lille,FRA,"May 30, 1995 (28)",Pertuis,Algeria,"1,73 m",Right-Back,,,Jan-00,right,28,Algeria,
Benjamin André,/benjamin-andre/profil/spieler/84301,€9.00m,LOSC Lille,FRA,"Aug 3, 1990 (33)",Nice,France,"1,80 m",Defensive Midfield,,,Jul-00,right,33,,France U21
Ignacio Miramón,/ignacio-miramon/profil/spieler/836518,€4.00m,LOSC Lille,FRA,"Jun 12, 2003 (20)",Bolívar,Argentina,"1,73 m",Defensive Midfield,,Argentina U20,Mar-00,right,20,,
Angel Gomes,/angel-gomes/profil/spieler/392770,€18.00m,LOSC Lille,FRA,"Aug 31, 2000 (23)",London,England,"1,68 m",Central Midfield,,,18 / 0,right,23,England U21,
Nabil Bentaleb,/nabil-bentaleb/profil/spieler/245537,€7.00m,LOSC Lille,FRA,"Nov 24, 1994 (28)",Lille,Algeria,"1,87 m",Central Midfield,,Algeria,43 / 5,left,28,,
Yusuf Yazici,/yusuf-yazici/profil/spieler/386726,€9.00m,LOSC Lille,FRA,"Jan 29, 1997 (26)",Trabzon,Turkey,"1,84 m",Attacking Midfield,,,39 / 2,left,26,,Turkey
Rémy Cabella,/remy-cabella/profil/spieler/113707,€5.00m,LOSC Lille,FRA,"Mar 8, 1990 (33)",Ajaccio,France,"1,72 m",Attacking Midfield,,,Apr-00,right,33,,France
Hákon Arnar Haraldsson,/hakon-arnar-haraldsson/profil/spieler/652275,€6.00m,LOSC Lille,FRA,"Apr 10, 2003 (20)",Raufoss,Iceland,"1,80 m",Left Winger,CAA Stellar,Iceland,2-Dec,right,20,,
Alan Virginius,/alan-virginius/profil/spieler/654415,€4.00m,LOSC Lille,FRA,"Jan 3, 2003 (20)",Soisy-sous-Montmoren...,France,"1,75 m",Left Winger,,,Feb-00,right,20,France U20,
Ivan Cavaleiro,/ivan-cavaleiro/profil/spieler/149716,€2.20m,LOSC Lille,FRA,"Oct 18, 1993 (29)",Vila Franca de Xira,Angola,"1,75 m",Left Winger,Gestifute,Angola,0 / 0,right,29,,
Edon Zhegrova,/edon-zhegrova/profil/spieler/496857,€8.00m,LOSC Lille,FRA,"Mar 31, 1999 (24)",Herford,Kosovo,"1,81 m",Right Winger,,Kosovo,28 / 3,left,24,,
Adam Ounas,/adam-ounas/profil/spieler/400485,€7.00m,LOSC Lille,FRA,"Nov 11, 1996 (26)",Chambray-lès-Tours,Algeria,"1,72 m",Right Winger,,,21 / 5,left,26,Algeria,
Jonathan David,/jonathan-david/profil/spieler/533738,€60.00m,LOSC Lille,FRA,"Jan 14, 2000 (23)","Brooklyn, New York",Canada,"1,75 m",Centre-Forward,Axia Sports ...,,42 / 25,na,23,Canada,
Brice Samba,/brice-samba/profil/spieler/191056,€13.00m,RC Lens,FRA,"Apr 25, 1994 (29)",Linzolo,France,"1,87 m",Goalkeeper,Sport Cover,France,Jan-00,left,29,,
Wuilker Fariñez,/wuilker-farinez/profil/spieler/373714,€3.50m,RC Lens,FRA,"Feb 15, 1998 (25)","Caracas, Distrito ...",Venezuela,"1,80 m",Goalkeeper,,,40 / 0,right,25,,Venezuela
Jean-Louis Leca,/jean-louis-leca/profil/spieler/27490,€200k,RC Lens,FRA,"Sep 21, 1985 (37)",Bastia,France,"1,80 m",Goalkeeper,,,,right,37,,
Yannick Pandor,/yannick-pandor/profil/spieler/804829,€150k,RC Lens,FRA,"May 1, 2001 (22)",Marseille,Comoros,"1,92 m",Goalkeeper,,Comoros,Mar-00,left,22,,
Kevin Danso,/kevin-danso/profil/spieler/263236,€22.00m,RC Lens,FRA,"Sep 19, 1998 (24)",Voitsberg,Austria,"1,90 m",Centre-Back,,Austria,13 / 0,right,24,,
Facundo Medina,/facundo-medina/profil/spieler/474800,€22.00m,RC Lens,FRA,"May 28, 1999 (24)",Buenos Aires,Argentina,"1,84 m",Centre-Back,,Argentina,Mar-00,left,24,,
Jonathan Gradit,/jonathan-gradit/profil/spieler/126557,€5.00m,RC Lens,FRA,"Nov 24, 1992 (30)",Talence,France,"1,80 m",Centre-Back,,,,right,30,,
Abdukodir Khusanov,/abdukodir-khusanov/profil/spieler/763079,€400k,RC Lens,FRA,"Feb 29, 2004 (19)",Tashkent,Uzbekistan,"1,86 m",Centre-Back,,Uzbekistan U23,Feb-00,,19,,
Faitout Maouassa,/faitout-maouassa/profil/spieler/357072,€6.00m,RC Lens,FRA,"Jul 6, 1998 (25)",Villepinte,France,"1,70 m",Left-Back,Classico,,Jun-00,left,25,,France U21
Deiver Machado,/deiver-machado/profil/spieler/332560,€4.00m,RC Lens,FRA,"Sep 2, 1993 (30)",Tadó,Colombia,"1,80 m",Left-Back,,Colombia,Jun-00,left,30,,
Massadio Haidara,/massadio-haidara/profil/spieler/170929,€3.00m,RC Lens,FRA,"Dec 2, 1992 (30)",Trappes,Mali,"1,79 m",Left-Back,,Mali,17 / 2,left,30,,
Ruben Aguilar,/ruben-aguilar/profil/spieler/203746,€7.00m,RC Lens,FRA,"Apr 26, 1993 (30)",Grenoble,France,"1,70 m",Right-Back,,,Jan-00,right,30,,France
Salis Abdul Samed,/salis-abdul-samed/profil/spieler/688707,€18.00m,RC Lens,FRA,"Mar 26, 2000 (23)",Accra,Ghana,"1,79 m",Defensive Midfield,,Ghana,Jul-00,right,23,,
Stijn Spierings,/stijn-spierings/profil/spieler/241501,€6.00m,RC Lens,FRA,"Mar 12, 1996 (27)",Alkmaar,Netherlands,"1,88 m",Defensive Midfield,,,May-00,right,27,,Netherlands U20
Nampalys Mendy,/nampalys-mendy/profil/spieler/111051,€2.50m,RC Lens,FRA,"Jun 23, 1992 (31)",La Seyne-sur-Mer,Senegal,"1,68 m",Defensive Midfield,,Senegal,27 / 0,right,31,,
Andy Diouf,/andy-diouf/profil/spieler/711976,€7.00m,RC Lens,FRA,"May 17, 2003 (20)",Neuilly-sur-Seine,France,"1,87 m",Central Midfield,,,Jan-00,left,20,France U21,
Neil El Aynaoui,/neil-el-aynaoui/profil/spieler/901019,€700k,RC Lens,FRA,"Jul 2, 2001 (22)",Nancy,Morocco,"1,85 m",Central Midfield,,Morocco U23,0 / 0,right,22,,
Przemyslaw Frankowski,/przemyslaw-frankowski/profil/spieler/239743,€9.00m,RC Lens,FRA,"Apr 12, 1995 (28)",Gdańsk,Poland,"1,75 m",Right Midfield,,,34 / 1,right,28,Poland,
Jimmy Cabot,/jimmy-cabot/profil/spieler/206912,€3.50m,RC Lens,FRA,"Apr 18, 1994 (29)",Chambéry,France,"1,64 m",Right Midfield,,,,right,29,,
Angelo Fulgini,/angelo-fulgini/profil/spieler/250013,€9.00m,RC Lens,FRA,"Aug 20, 1996 (27)",Abidjan,France,"1,82 m",Attacking Midfield,,,Mar-00,right,27,,France U21
David Pereira da Costa,/david-pereira-da-costa/profil/spieler/719442,€8.00m,RC Lens,FRA,"Jan 5, 2001 (22)",Almada,Portugal,"1,68 m",Attacking Midfield,ROGON,,1-Jun,right,22,Portugal U21,
Adrien Thomasson,/adrien-thomasson/profil/spieler/215977,€6.00m,RC Lens,FRA,"Dec 10, 1993 (29)",Bourg-Saint-Maurice,France,"1,75 m",Attacking Midfield,,,,right,29,,
Nolan Bonte,/nolan-bonte/profil/spieler/1052885,€100k,RC Lens,FRA,"Jan 19, 2004 (19)",Montivilliers,France,"1,75 m",Attacking Midfield,,,,right,19,,
Ayanda Sishuba,/ayanda-sishuba/profil/spieler/977877,,RC Lens,FRA,"Feb 2, 2005 (18)",Tournai,Belgium,"1,69 m",Attacking Midfield,,Belgium U19,0 / 0,right,18,,
Óscar Cortés,/oscar-cortes/profil/spieler/975689,€4.20m,RC Lens,FRA,"Dec 3, 2003 (19)",Tumaco,Colombia,"1,78 m",Right Winger,,Colombia U20,25 / 11,right,19,,
Morgan Guilavogui,/morgan-guilavogui/profil/spieler/691786,€2.50m,RC Lens,FRA,"Mar 10, 1998 (25)",Ollioules,Guinea,"1,89 m",Right Winger,,Guinea,1-Nov,right,25,,
Elye Wahi,/elye-wahi/profil/spieler/659542,€35.00m,RC Lens,FRA,"Jan 2, 2003 (20)",Courcouronnes,France,"1,81 m",Centre-Forward,,France U21,1-Mar,right,20,,
Florian Sotoca,/florian-sotoca/profil/spieler/354726,€4.00m,RC Lens,FRA,"Oct 25, 1990 (32)",Narbonne,France,"1,87 m",Centre-Forward,,,,right,32,,
Wesley Saïd,/wesley-said/profil/spieler/182916,€2.00m,RC Lens,FRA,"Apr 19, 1995 (28)",Noisy-le-Grand,France,"1,71 m",Centre-Forward,,,Jan-00,right,28,,France U21
Ibrahima Baldé,/ibrahima-balde/profil/spieler/804884,€400k,RC Lens,FRA,"Jan 17, 2003 (20)",Paris,France,"1,85 m",Centre-Forward,,,Jan-00,right,20,,France U17
Anthony Lopes,/anthony-lopes/profil/spieler/60561,€8.00m,Olympique Lyon,FRA,"Oct 1, 1990 (32)",Givors,Portugal,"1,84 m",Goalkeeper,,,14 / 0,left,32,,Portugal
Rémy Riou,/remy-riou/profil/spieler/18940,€400k,Olympique Lyon,FRA,"Aug 6, 1987 (36)",Lyon,France,"1,91 m",Goalkeeper,,,Jun-00,right,36,,France U21
Duje Caleta-Car,/duje-caleta-car/profil/spieler/238266,€11.00m,Olympique Lyon,FRA,"Sep 17, 1996 (26)",Šibenik,Croatia,"1,93 m",Centre-Back,CAA Stellar,,23 / 1,right,26,,Croatia
Sinaly Diomandé,/sinaly-diomande/profil/spieler/702441,€9.00m,Olympique Lyon,FRA,"Apr 9, 2001 (22)",Yopougon,Cote d'Ivoire,"1,84 m",Centre-Back,,,Nov-00,right,22,Ivory Coast,
Dejan Lovren,/dejan-lovren/profil/spieler/37838,€2.50m,Olympique Lyon,FRA,"Jul 5, 1989 (34)",Zenica,Croatia,"1,88 m",Centre-Back,ROOF,,78 / 5,right,34,,Croatia
Mamadou Sarr,/mamadou-sarr/profil/spieler/910905,€1.00m,Olympique Lyon,FRA,"Aug 29, 2005 (18)",Martigues,France,"1,88 m",Centre-Back,Classico,France U19,0 / 0,right,18,,
Jake O'Brien,/jake-obrien/profil/spieler/711544,€700k,Olympique Lyon,FRA,"May 15, 2001 (22)",Cork,Ireland,"1,97 m",Centre-Back,,,Nov-00,right,22,Ireland U21,
Nicolás Tagliafico,/nicolas-tagliafico/profil/spieler/131225,€9.00m,Olympique Lyon,FRA,"Aug 31, 1992 (31)",Rafael Calzada,Argentina,"1,72 m",Left-Back,CAA Stellar,Argentina,50 / 0,left,31,,
Henrique Silva,/henrique-silva/profil/spieler/204072,€1.00m,Olympique Lyon,FRA,"Apr 25, 1994 (29)",Rio de Janeiro,Brazil,"1,73 m",Left-Back,,,Feb-00,left,29,,Brazil U20
Achraf Laâziri,/achraf-laaziri/profil/spieler/902862,€250k,Olympique Lyon,FRA,"Jul 8, 2003 (20)",Hay Hassani,Morocco,"1,77 m",Left-Back,,Morocco U23,0 / 0,left,20,,
Saël Kumbedi,/sael-kumbedi/profil/spieler/951579,€12.00m,Olympique Lyon,FRA,"Mar 26, 2005 (18)",Stains,France,"1,75 m",Right-Back,,France U19,0 / 0,right,18,,
Clinton Mata,/clinton-mata/profil/spieler/187718,€4.50m,Olympique Lyon,FRA,"Nov 7, 1992 (30)",Verviers,Angola,"1,80 m",Right-Back,,,Aug-00,right,30,,Angola
Johann Lepenant,/johann-lepenant/profil/spieler/585973,€10.00m,Olympique Lyon,FRA,"Oct 22, 2002 (20)",Granville,France,"1,76 m",Defensive Midfield,,France U21,0 / 0,right,20,,
Paul Akouokou,/paul-akouokou/profil/spieler/429901,€3.50m,Olympique Lyon,FRA,"Dec 20, 1997 (25)",Abidjan,Cote d'Ivoire,"1,81 m",Defensive Midfield,,,Apr-00,right,25,,Ivory Coast
Maxence Caqueret,/maxence-caqueret/profil/spieler/395237,€25.00m,Olympique Lyon,FRA,"Feb 15, 2000 (23)",Vénissieux,France,"1,74 m",Central Midfield,,,22 / 3,right,23,France U21,
Corentin Tolisso,/corentin-tolisso/profil/spieler/190393,€14.00m,Olympique Lyon,FRA,"Aug 3, 1994 (29)",Tarare,France,"1,81 m",Central Midfield,,,28 / 2,right,29,,France
Ainsley Maitland-Niles,/ainsley-maitland-niles/profil/spieler/285845,€8.00m,Olympique Lyon,FRA,"Aug 29, 1997 (26)",London,England,"1,80 m",Central Midfield,,,May-00,right,26,,England
Skelly Alvero,/skelly-alvero/profil/spieler/855134,€3.00m,Olympique Lyon,FRA,"May 4, 2002 (21)",Stains,France,"2,02 m",Central Midfield,,,,right,21,,
Mohamed El Arouch,/mohamed-el-arouch/profil/spieler/743533,€2.00m,Olympique Lyon,FRA,"Apr 6, 2004 (19)",Orange,France,"1,66 m",Central Midfield,,France U20,0 / 0,right,19,,
Rayan Cherki,/rayan-cherki/profil/spieler/607223,€30.00m,Olympique Lyon,FRA,"Aug 17, 2003 (20)",Lyon,France,"1,77 m",Attacking Midfield,,France U21,5-Dec,na,20,,
Jeffinho,/jeffinho/profil/spieler/884072,€8.00m,Olympique Lyon,FRA,"Dec 30, 1999 (23)",Volta Redonda,Brazil,"1,76 m",Left Winger,,,,right,23,,
Ernest Nuamah,/ernest-nuamah/profil/spieler/955070,€6.00m,Olympique Lyon,FRA,"Nov 1, 2003 (19)",Kumasi,Ghana,"1,78 m",Left Winger,,Ghana,Jan-00,left,19,,
Diego Moreira,/diego-moreira/profil/spieler/655006,€2.00m,Olympique Lyon,FRA,"Aug 6, 2004 (19)",Liège,Portugal,"1,79 m",Left Winger,Gestifute,Portugal U21,Apr-00,left,19,,
Alexandre Lacazette,/alexandre-lacazette/profil/spieler/93720,€14.00m,Olympique Lyon,FRA,"May 28, 1991 (32)",Lyon,France,"1,75 m",Centre-Forward,,,16 / 3,right,32,,France
Mama Baldé,/mama-balde/profil/spieler/325223,€8.00m,Olympique Lyon,FRA,"Nov 6, 1995 (27)",Bissau,Guinea-Bissau,"1,76 m",Centre-Forward,,,20 / 2,right,27,Guinea-Bissau,
Tino Kadewere,/tino-kadewere/profil/spieler/384060,€4.00m,Olympique Lyon,FRA,"Jan 5, 1996 (27)",Harare,Zimbabwe,"1,83 m",Centre-Forward,,Zimbabwe,19 / 3,right,27,,
Alban Lafont,/alban-lafont/profil/spieler/357117,€16.00m,FC Nantes,FRA,"Jan 23, 1999 (24)",Ouagadougou,France,"1,96 m",Goalkeeper,Sport Cover,,0 / 0,right,24,France,
Rémy Descamps,/remy-descamps/profil/spieler/282028,€700k,FC Nantes,FRA,"Jun 25, 1996 (27)",Marcq-en-Barœul,France,"1,96 m",Goalkeeper,,,0 / 0,left,27,,France U21
Denis Petric,/denis-petric/profil/spieler/28356,€150k,FC Nantes,FRA,"May 24, 1988 (35)",Ljubljana,Slovenia,"1,87 m",Goalkeeper,,,Jan-00,right,35,,Slovenia U21
Jean-Kévin Duverne,/jean-kevin-duverne/profil/spieler/344864,€4.00m,FC Nantes,FRA,"Jul 12, 1997 (26)",Paris,Haiti,"1,86 m",Centre-Back,,,0 / 0,right,26,,Haiti
Jean-Charles Castelletto,/jean-charles-castelletto/profil/spieler/182875,€3.50m,FC Nantes,FRA,"Jan 26, 1995 (28)",Clamart,Cameroon,"1,86 m",Centre-Back,,,18 / 1,na,28,Cameroon,
Eray Cömert,/eray-comert/profil/spieler/298583,€3.50m,FC Nantes,FRA,"Feb 4, 1998 (25)",Rheinfelden,Switzerland,"1,83 m",Centre-Back,,,Dec-00,right,25,Switzerland,
Nicolas Pallois,/nicolas-pallois/profil/spieler/139279,€900k,FC Nantes,FRA,"Sep 19, 1987 (35)",Elbeuf,France,"1,89 m",Centre-Back,Sport Cover,,,left,35,,
Nathan Zeze,/nathan-zeze/profil/spieler/923832,€400k,FC Nantes,FRA,"Jun 18, 2005 (18)",Nantes,France,"1,90 m",Centre-Back,,,Jan-00,right,18,France U18,
Yannis M'Bemba,/yannis-mbemba/profil/spieler/822116,€200k,FC Nantes,FRA,"Jul 1, 2001 (22)",Amiens,France,"1,94 m",Centre-Back,,,,left,22,,
Bastien Meupiyou,/bastien-meupiyou/profil/spieler/955253,,FC Nantes,FRA,"Mar 19, 2006 (17)",Paris,France,"1,91 m",Centre-Back,,France U18,0 / 0,left,17,,
Quentin Merlin,/quentin-merlin/profil/spieler/557613,€7.00m,FC Nantes,FRA,"May 16, 2002 (21)",Nantes,France,"1,73 m",Left-Back,,France U21,May-00,left,21,,
Jaouen Hadjam,/jaouen-hadjam/profil/spieler/750903,€2.00m,FC Nantes,FRA,"Mar 26, 2003 (20)",Paris,Algeria,"1,84 m",Left-Back,,Algeria,Feb-00,left,20,,
Fabien Centonze,/fabien-centonze/profil/spieler/384859,€4.00m,FC Nantes,FRA,"Jan 16, 1996 (27)",Voiron,France,"1,82 m",Right-Back,CAA Stellar,,,right,27,,
Ronaël Pierre-Gabriel,/ronael-pierre-gabriel/profil/spieler/410185,€3.50m,FC Nantes,FRA,"Jun 13, 1998 (25)",Paris,France,"1,77 m",Right-Back,,,Jan-00,right,25,,France U21
Pedro Chirivella,/pedro-chirivella/profil/spieler/242273,€6.00m,FC Nantes,FRA,"May 23, 1997 (26)",Valencia,Spain,"1,78 m",Defensive Midfield,,,2-Sep,right,26,,Spain U17
Lamine Diack,/lamine-diack/profil/spieler/649024,€1.70m,FC Nantes,FRA,"Nov 15, 2000 (22)",Dakar,Senegal,"1,86 m",Defensive Midfield,,,Feb-00,right,22,,Senegal U20
Samuel Moutoussamy,/samuel-moutoussamy/profil/spieler/353403,€5.00m,FC Nantes,FRA,"Aug 12, 1996 (27)",Paris,DR Congo,"1,76 m",Central Midfield,,DR Congo,22 / 0,left,27,,
Douglas Augusto,/douglas-augusto/profil/spieler/393621,€4.50m,FC Nantes,FRA,"Jan 13, 1997 (26)",Rio de Janeiro,Brazil,"1,73 m",Central Midfield,,,Jan-00,left,26,,Brazil U23
Moussa Sissoko,/moussa-sissoko/profil/spieler/46001,€2.50m,FC Nantes,FRA,"Aug 16, 1989 (34)",Le Blanc-Mesnil,France,"1,87 m",Central Midfield,,,71 / 2,right,34,,France
Mohamed Achi,/mohamed-achi/profil/spieler/855158,€300k,FC Nantes,FRA,"Jan 16, 2002 (21)",Bondy,France,"1,81 m",Central Midfield,,,1-Jun,left,21,,France U20
Adson,/adson/profil/spieler/868891,€6.00m,FC Nantes,FRA,"Oct 6, 2000 (22)",Araguapaz,Brazil,"1,71 m",Attacking Midfield,,,,left,22,,
Florent Mollet,/florent-mollet/profil/spieler/222859,€2.00m,FC Nantes,FRA,"Nov 19, 1991 (31)",Fontaine-lès-Dijon,France,"1,75 m",Attacking Midfield,,,,right,31,,
Gor Manvelyan,/gor-manvelyan/profil/spieler/773795,€400k,FC Nantes,FRA,"Apr 9, 2002 (21)",,Armenia,"1,80 m",Attacking Midfield,,Armenia U21,Jan-00,na,21,,
Moses Simon,/moses-simon/profil/spieler/274862,€8.00m,FC Nantes,FRA,"Jul 12, 1995 (28)",Jos,Nigeria,"1,68 m",Left Winger,,Nigeria,58 / 8,right,28,,
Stredair Appuah,/stredair-appuah/profil/spieler/1004618,€150k,FC Nantes,FRA,"Jun 27, 2004 (19)",Sarcelles,France,"1,85 m",Left Winger,,,,,19,,
Marquinhos,/marquinhos/profil/spieler/668268,€12.00m,FC Nantes,FRA,"Apr 7, 2003 (20)",São Paulo,Brazil,"1,75 m",Right Winger,,Brazil U20,1-May,left,20,,
Marcus Coco,/marcus-coco/profil/spieler/353365,€1.20m,FC Nantes,FRA,"Jun 24, 1996 (27)",Les Abymes,France,"1,84 m",Right Winger,,,17 / 1,right,27,,France U21
Abdoul Kader Bamba,/abdoul-kader-bamba/profil/spieler/560725,€900k,FC Nantes,FRA,"Apr 25, 1994 (29)",Sarcelles,France,"1,77 m",Right Winger,,,,right,29,,
Mostafa Mohamed,/mostafa-mohamed/profil/spieler/462348,€6.00m,FC Nantes,FRA,"Nov 28, 1997 (25)",Giza,Egypt,"1,85 m",Centre-Forward,,Egypt,26 / 7,right,25,,
Matthis Abline,/matthis-abline/profil/spieler/659543,€4.50m,FC Nantes,FRA,"Mar 28, 2003 (20)",Angers,France,"1,82 m",Centre-Forward,,,1-Jan,right,20,France U21,
Ignatius Ganago,/ignatius-ganago/profil/spieler/531949,€4.00m,FC Nantes,FRA,"Feb 16, 1999 (24)",Douala,Cameroon,"1,76 m",Centre-Forward,,,14 / 0,right,24,Cameroon,
Matz Sels,/matz-sels/profil/spieler/127202,€7.00m,RC Strasbourg Alsace,FRA,"Feb 26, 1992 (31)",Lint,Belgium,"1,88 m",Goalkeeper,,Belgium,Mar-00,right,31,,
Alaa Bellaarouch,/alaa-bellaarouch/profil/spieler/667991,€200k,RC Strasbourg Alsace,FRA,"Feb 1, 2002 (21)",Casablanca,Morocco,"1,88 m",Goalkeeper,,Morocco U23,Apr-00,right,21,,
Alexandre Pierre,/alexandre-pierre/profil/spieler/838947,€100k,RC Strasbourg Alsace,FRA,"Feb 25, 2001 (22)",Aubervilliers,Haiti,"1,90 m",Goalkeeper,,Haiti,Jul-00,right,22,,
Abakar Sylla,/abakar-sylla/profil/spieler/962555,€8.00m,RC Strasbourg Alsace,FRA,"Dec 25, 2002 (20)",Yamoussoukro,Cote d'Ivoire,"1,88 m",Centre-Back,,Ivory Coast,May-00,left,20,,
Ismaël Doukouré,/ismael-doukoure/profil/spieler/786436,€6.00m,RC Strasbourg Alsace,FRA,"Jul 24, 2003 (20)",Lille,France,"1,83 m",Centre-Back,,,0 / 0,right,20,France U21,
Gerzino Nyamsi,/gerzino-nyamsi/profil/spieler/378953,€5.00m,RC Strasbourg Alsace,FRA,"Jan 22, 1997 (26)",Saint-Brieuc,France,"1,95 m",Centre-Back,,,Feb-00,right,26,,France U20
Junior Mwanga,/junior-mwanga/profil/spieler/1011200,€4.00m,RC Strasbourg Alsace,FRA,"May 11, 2003 (20)",Lyon,France,"1,84 m",Centre-Back,Sport Cover,,Mar-00,na,20,France U20,
Saïdou Sow,/saidou-sow/profil/spieler/807128,€3.50m,RC Strasbourg Alsace,FRA,"Jul 4, 2002 (21)",Conakry,Guinea,"1,85 m",Centre-Back,,Guinea,16 / 0,right,21,,
Lucas Perrin,/lucas-perrin/profil/spieler/352392,€3.00m,RC Strasbourg Alsace,FRA,"Nov 19, 1998 (24)",Marseille,France,"1,88 m",Centre-Back,,,,right,24,,
Steven Baseya,/steven-baseya/profil/spieler/988468,€50k,RC Strasbourg Alsace,FRA,"Jan 14, 2005 (18)",Longjumeau,France,,Centre-Back,,France U19,0 / 0,,18,,
Eduard Sobol,/eduard-sobol/profil/spieler/206717,€2.50m,RC Strasbourg Alsace,FRA,"Apr 20, 1995 (28)","Vilnyansk, ...",Ukraine,"1,86 m",Left-Back,ProStar,,29 / 0,left,28,Ukraine,
Thomas Delaine,/thomas-delaine/profil/spieler/170961,€1.20m,RC Strasbourg Alsace,FRA,"Mar 24, 1992 (31)",Lens,France,"1,80 m",Left-Back,,,,left,31,,
Maxime Bastian,/maxime-bastian/profil/spieler/847487,€1.20m,RC Strasbourg Alsace,FRA,"May 9, 2001 (22)",Saverne,France,"1,84 m",Left-Back,,,,left,22,,
Frédéric Guilbert,/frederic-guilbert/profil/spieler/354352,€4.50m,RC Strasbourg Alsace,FRA,"Dec 24, 1994 (28)",Valognes,France,"1,78 m",Right-Back,,,Jan-00,right,28,,France U21
Karol Fila,/karol-fila/profil/spieler/385817,€900k,RC Strasbourg Alsace,FRA,"Jun 13, 1998 (25)",Gdańsk,Poland,"1,83 m",Right-Back,,,13 / 1,right,25,,Poland U21
Marvin Senaya,/marvin-senaya/profil/spieler/830890,€900k,RC Strasbourg Alsace,FRA,"Jan 28, 2001 (22)",Saint-Louis,France,"1,81 m",Right-Back,,,,right,22,,
Habib Diarra,/habib-diarra/profil/spieler/876631,€10.00m,RC Strasbourg Alsace,FRA,"Jan 3, 2004 (19)",Guédiawaye,France,"1,79 m",Defensive Midfield,,France U21,0 / 0,right,19,,
Ibrahima Sissoko,/ibrahima-sissoko/profil/spieler/372712,€6.00m,RC Strasbourg Alsace,FRA,"Oct 27, 1997 (25)",Meaux,France,"1,93 m",Defensive Midfield,,,Apr-00,right,25,,France U21
Jean-Eudes Aholou,/jean-eudes-aholou/profil/spieler/178313,€2.50m,RC Strasbourg Alsace,FRA,"Mar 20, 1994 (29)",Yopougon,Cote d'Ivoire,"1,86 m",Defensive Midfield,,,Apr-00,left,29,Ivory Coast,
Sanjin Prcic,/sanjin-prcic/profil/spieler/125783,€3.00m,RC Strasbourg Alsace,FRA,"Nov 20, 1993 (29)",Belfort,Bosnia-Herzegovina,"1,81 m",Central Midfield,,Bosnia,17 / 0,right,29,,
Jessy Deminguet,/jessy-deminguet/profil/spieler/539232,€2.00m,RC Strasbourg Alsace,FRA,"Jan 7, 1998 (25)",Caen,France,"1,78 m",Central Midfield,,,Mar-00,left,25,,France U20
Dilane Bakwa,/dilane-bakwa/profil/spieler/540664,€4.00m,RC Strasbourg Alsace,FRA,"Aug 26, 2002 (21)",Créteil,France,"1,79 m",Left Winger,Sport Cover,,19 / 2,left,21,,France U17
Ângelo,/angelo/profil/spieler/743598,€13.00m,RC Strasbourg Alsace,FRA,"Dec 21, 2004 (18)",Brasília,Brazil,"1,80 m",Right Winger,,,Mar-00,left,18,Brazil U20,
Emanuel Emegha,/emanuel-emegha/profil/spieler/559328,€8.00m,RC Strasbourg Alsace,FRA,"Feb 3, 2003 (20)",Den Haag,Netherlands,"1,95 m",Centre-Forward,,Netherlands U21,0 / 0,right,20,,
Moïse Sahi Dion,/moise-sahi-dion/profil/spieler/880330,€3.00m,RC Strasbourg Alsace,FRA,"Dec 20, 2001 (21)",Abidjan,Cote d'Ivoire,"1,75 m",Centre-Forward,,,1-Jan,left,21,Ivory Coast U23,
Kévin Gameiro,/kevin-gameiro/profil/spieler/27389,€1.20m,RC Strasbourg Alsace,FRA,"May 9, 1987 (36)",Senlis,France,"1,72 m",Centre-Forward,,,13 / 3,right,36,,France
Lebo Mothiba,/lebo-mothiba/profil/spieler/427161,€1.20m,RC Strasbourg Alsace,FRA,"Jan 28, 1996 (27)","Johannesburg, ...",South Africa,"1,82 m",Centre-Forward,,South Africa,14 / 4,right,27,,
Yvon Mvogo,/yvon-mvogo/profil/spieler/147051,€3.50m,FC Lorient,FRA,"Jun 6, 1994 (29)",Yaounde,Switzerland,"1,90 m",Goalkeeper,,Switzerland,Apr-00,right,29,,
Alfred Gomis,/alfred-gomis/profil/spieler/163568,€2.20m,FC Lorient,FRA,"Sep 5, 1993 (30)",Ziguinchor,Senegal,"1,96 m",Goalkeeper,,Senegal,16 / 0,right,30,,
Dominique Youfeigane,/dominique-youfeigane/profil/spieler/591190,€300k,FC Lorient,FRA,"Feb 7, 2000 (23)",Saint-Maurice,Central African Republic,"1,88 m",Goalkeeper,,Central Africa,Mar-00,right,23,,
Montassar Talbi,/montassar-talbi/profil/spieler/496706,€8.00m,FC Lorient,FRA,"May 26, 1998 (25)",Paris,Tunisia,"1,90 m",Centre-Back,,Tunisia,30 / 2,right,25,,
Isaak Touré,/isaak-toure/profil/spieler/708678,€6.00m,FC Lorient,FRA,"Mar 28, 2003 (20)",Gonesse,France,"2,06 m",Centre-Back,,,0 / 0,left,20,France U20,
Formose Mendy,/formose-mendy/profil/spieler/649023,€3.00m,FC Lorient,FRA,"Jan 2, 2001 (22)",Dakar,Senegal,"1,91 m",Centre-Back,,Senegal,Apr-00,right,22,,
Julien Laporte,/julien-laporte/profil/spieler/386057,€2.50m,FC Lorient,FRA,"Nov 4, 1993 (29)",Aurillac,France,"1,85 m",Centre-Back,,,,right,29,,
Loris Mouyokolo,/loris-mouyokolo/profil/spieler/799936,€500k,FC Lorient,FRA,"May 22, 2001 (22)",Drancy,France,"1,94 m",Centre-Back,,,,right,22,,
Benjamin Mendy,/benjamin-mendy/profil/spieler/157495,€3.00m,FC Lorient,FRA,"Jul 17, 1994 (29)",Longjumeau,France,"1,85 m",Left-Back,Sport Cover,,Oct-00,left,29,,France
Darlin Yongwa,/darlin-yongwa/profil/spieler/717118,€1.20m,FC Lorient,FRA,"Sep 22, 2000 (22)",Douala,Cameroon,"1,77 m",Left-Back,,Cameroon,Jan-00,left,22,,
Vincent Le Goff,/vincent-le-goff/profil/spieler/120651,€1.00m,FC Lorient,FRA,"Oct 15, 1989 (33)",Quimper,France,"1,77 m",Left-Back,,,,left,33,,
Gédéon Kalulu,/gedeon-kalulu/profil/spieler/395685,€5.00m,FC Lorient,FRA,"Aug 29, 1997 (26)",Lyon,DR Congo,"1,79 m",Right-Back,Classico,DR Congo,Mar-00,right,26,,
Igor Silva,/igor-silva/profil/spieler/391720,€1.50m,FC Lorient,FRA,"Aug 21, 1996 (27)",Niterói,Brazil,"1,73 m",Right-Back,,,,right,27,,
Dembo Sylla,/dembo-sylla/profil/spieler/1049151,€600k,FC Lorient,FRA,"Nov 10, 2002 (20)",Laval,Guinea,"1,75 m",Right-Back,,Guinea,Mar-00,right,20,,
Laurent Abergel,/laurent-abergel/profil/spieler/238626,€3.00m,FC Lorient,FRA,"Feb 1, 1993 (30)",Marseille,France,"1,70 m",Defensive Midfield,,,,right,30,,
Tiemoué Bakayoko,/tiemoue-bakayoko/profil/spieler/182618,€2.50m,FC Lorient,FRA,"Aug 17, 1994 (29)",Paris,France,"1,89 m",Defensive Midfield,,,Jan-00,right,29,,France
Bonke Innocent,/bonke-innocent/profil/spieler/333383,€2.00m,FC Lorient,FRA,"Jan 20, 1996 (27)",Kaduna,Nigeria,"1,78 m",Defensive Midfield,,,Apr-00,right,27,,Nigeria
Jean-Victor Makengo,/jean-victor-makengo/profil/spieler/322305,€10.00m,FC Lorient,FRA,"Jun 12, 1998 (25)",Étampes,France,"1,77 m",Central Midfield,Sport Cover,,Mar-00,left,25,,France U21
Ayman Kari,/ayman-kari/profil/spieler/810093,€1.00m,FC Lorient,FRA,"Nov 19, 2004 (18)",Ivry-sur-Seine,France,"1,76 m",Central Midfield,,,Mar-00,right,18,France U19,
Romain Faivre,/romain-faivre/profil/spieler/555076,€10.00m,FC Lorient,FRA,"Jul 14, 1998 (25)",Asnières-sur-Seine,France,"1,80 m",Right Midfield,Classico,,2-Aug,left,25,,France U21
Théo Le Bris,/theo-le-bris/profil/spieler/766412,€3.00m,FC Lorient,FRA,"Oct 1, 2002 (20)",Rennes,France,"1,70 m",Left Midfield,Ltma Consulting,,Jan-00,right,20,,France U20
Julien Ponceau,/julien-ponceau/profil/spieler/569390,€2.50m,FC Lorient,FRA,"Nov 28, 2000 (22)",Catumbela,France,"1,70 m",Attacking Midfield,,,Jan-00,right,22,,France U20
Quentin Boisgard,/quentin-boisgard/profil/spieler/412671,€1.00m,FC Lorient,FRA,"Mar 17, 1997 (26)",Toulouse,France,"1,74 m",Attacking Midfield,,,,right,26,,
Eli Junior Kroupi,/eli-junior-kroupi/profil/spieler/955357,€400k,FC Lorient,FRA,"Jun 23, 2006 (17)",Lorient,France,"1,79 m",Attacking Midfield,,,3-May,right,17,France U17,
Joel Mvuka,/joel-mvuka/profil/spieler/700078,€4.50m,FC Lorient,FRA,"Nov 12, 2002 (20)",Gitega,Norway,"1,73 m",Right Winger,,Norway U21,Feb-00,right,20,,
Bamba Dieng,/bamba-dieng/profil/spieler/822458,€8.00m,FC Lorient,FRA,"Mar 23, 2000 (23)",Pikine,Senegal,"1,78 m",Centre-Forward,,,18 / 2,right,23,Senegal,
Aiyegun Tosin,/aiyegun-tosin/profil/spieler/239647,€3.20m,FC Lorient,FRA,"Jun 26, 1998 (25)",Lagos,Benin,"1,79 m",Centre-Forward,,Benin,3-Oct,right,25,,
Pablo Pagis,/pablo-pagis/profil/spieler/810411,€1.50m,FC Lorient,FRA,"Dec 29, 2002 (20)",Montbéliard,France,"1,80 m",Centre-Forward,,,,na,20,,
Adrian Grbic,/adrian-grbic/profil/spieler/167342,€1.50m,FC Lorient,FRA,"Aug 4, 1996 (27)",Wien,Austria,"1,88 m",Centre-Forward,,,4-Sep,na,27,,Austria
Siriné Doucouré,/sirine-doucoure/profil/spieler/802747,€500k,FC Lorient,FRA,"Apr 8, 2002 (21)",Nogent-sur-Marne,France,"1,93 m",Centre-Forward,,,,right,21,,
Benjamin Lecomte,/benjamin-lecomte/profil/spieler/127181,€4.00m,Montpellier HSC,FRA,"Apr 26, 1991 (32)",Paris,France,"1,86 m",Goalkeeper,,,0 / 0,left,32,,France
Dimitry Bertaud,/dimitry-bertaud/profil/spieler/371816,€1.50m,Montpellier HSC,FRA,"Jun 6, 1998 (25)",Montpellier,France,"1,80 m",Goalkeeper,,,Jan-00,right,25,,France U21
Belmin Dizdarevic,/belmin-dizdarevic/profil/spieler/483007,€200k,Montpellier HSC,FRA,"Aug 9, 2001 (22)",Zenica,Bosnia-Herzegovina,"1,89 m",Goalkeeper,,,Jan-00,,22,,Bosnia
Maxime Estève,/maxime-esteve/profil/spieler/842341,€7.00m,Montpellier HSC,FRA,"May 26, 2002 (21)",Montpellier,France,"1,93 m",Centre-Back,,France U21,0 / 0,left,21,,
Kiki Kouyaté,/kiki-kouyate/profil/spieler/211637,€5.00m,Montpellier HSC,FRA,"Apr 15, 1997 (26)",Bamako,Mali,"1,92 m",Centre-Back,,Mali,25 / 0,na,26,,
Christopher Jullien,/christopher-jullien/profil/spieler/201737,€3.50m,Montpellier HSC,FRA,"Mar 22, 1993 (30)",Lagny-sur-Marne,France,"1,96 m",Centre-Back,Classico,,Feb-00,right,30,,France U20
Becir Omeragic,/becir-omeragic/profil/spieler/507344,€3.00m,Montpellier HSC,FRA,"Jan 20, 2002 (21)",Genf,Switzerland,"1,87 m",Centre-Back,,Switzerland U21,Sep-00,right,21,,
Mamadou Sakho,/mamadou-sakho/profil/spieler/47713,€2.50m,Montpellier HSC,FRA,"Feb 13, 1990 (33)",Paris,France,"1,87 m",Centre-Back,,,29 / 2,left,33,,France
Issiaga Sylla,/issiaga-sylla/profil/spieler/220878,€2.50m,Montpellier HSC,FRA,"Jan 1, 1994 (29)",Conakry,Guinea,"1,80 m",Left-Back,,Guinea,74 / 3,left,29,,
Théo Sainte-Luce,/theo-sainte-luce/profil/spieler/537127,€2.00m,Montpellier HSC,FRA,"Oct 20, 1998 (24)",Chauny,France,"1,76 m",Left-Back,,,,left,24,,
Falaye Sacko,/falaye-sacko/profil/spieler/364857,€4.00m,Montpellier HSC,FRA,"May 1, 1995 (28)",Bamako,Mali,"1,79 m",Right-Back,,Mali,32 / 1,right,28,,
Enzo Tchato,/enzo-tchato/profil/spieler/842338,€2.50m,Montpellier HSC,FRA,"Nov 23, 2002 (20)",Montpellier,Cameroon,"1,82 m",Right-Back,,Cameroon,Feb-00,right,20,,
Joris Chotard,/joris-chotard/profil/spieler/624037,€9.00m,Montpellier HSC,FRA,"Sep 24, 2001 (21)",Orange,France,"1,79 m",Defensive Midfield,,,Jun-00,right,21,France U21,
Jordan Ferri,/jordan-ferri/profil/spieler/118284,€5.00m,Montpellier HSC,FRA,"Mar 12, 1992 (31)",Cavaillon,France,"1,73 m",Central Midfield,,,1-Jun,right,31,,France U21
Khalil Fayad,/khalil-fayad/profil/spieler/782630,€4.50m,Montpellier HSC,FRA,"Jun 9, 2004 (19)",Montpellier,France,"1,76 m",Central Midfield,,France U20,0 / 0,right,19,,
Léo Leroy,/leo-leroy/profil/spieler/650350,€1.20m,Montpellier HSC,FRA,"Feb 14, 2000 (23)",Marseille,France,"1,87 m",Central Midfield,,,Mar-00,,23,,France U19
Téji Savanier,/teji-savanier/profil/spieler/127156,€10.00m,Montpellier HSC,FRA,"Dec 22, 1991 (31)",Montpellier,France,"1,72 m",Attacking Midfield,,,Jan-00,right,31,,France U23
Sacha Delaye,/sacha-delaye/profil/spieler/842425,€400k,Montpellier HSC,FRA,"Apr 23, 2002 (21)",Rennes,France,"1,71 m",Attacking Midfield,,,,right,21,,
Arnaud Nordin,/arnaud-nordin/profil/spieler/324811,€7.00m,Montpellier HSC,FRA,"Jun 17, 1998 (25)",Paris,France,"1,70 m",Right Winger,,,Jan-00,left,25,,France U23
Mousa Al-Tamari,/mousa-al-tamari/profil/spieler/551505,€2.50m,Montpellier HSC,FRA,"Jun 10, 1997 (26)",Amman,Jordan,"1,78 m",Right Winger,,Jordan,54 / 13,left,26,,
Akor Adams,/akor-adams/profil/spieler/607034,€4.00m,Montpellier HSC,FRA,"Jan 29, 2000 (23)",Kogi,Nigeria,"1,90 m",Centre-Forward,,,Feb-00,right,23,,Nigeria U20
Kelvin Yeboah,/kelvin-yeboah/profil/spieler/589737,€3.50m,Montpellier HSC,FRA,"May 6, 2000 (23)",Accra,Italy,"1,85 m",Centre-Forward,,,Apr-00,right,23,,Italy U21
Wahbi Khazri,/wahbi-khazri/profil/spieler/103565,€2.50m,Montpellier HSC,FRA,"Feb 8, 1991 (32)",Ajaccio,Tunisia,"1,76 m",Centre-Forward,,,74 / 25,right,32,,Tunisia
Yanis Guermouche,/yanis-guermouche/profil/spieler/876034,€150k,Montpellier HSC,FRA,"Apr 15, 2001 (22)",Neuilly-sur-Seine,Algeria,"1,92 m",Centre-Forward,,Algeria U20,0 / 0,,22,,
Yehvann Diouf,/yehvann-diouf/profil/spieler/448632,€8.00m,Stade Reims,FRA,"Nov 16, 1999 (23)",Montreuil-sous-Bois,France,"1,84 m",Goalkeeper,,,Jan-00,right,23,,France U21
Alexandre Olliero,/alexandre-olliero/profil/spieler/395602,€600k,Stade Reims,FRA,"Feb 15, 1996 (27)",La Rochelle,France,"1,93 m",Goalkeeper,,,,right,27,,
Ludovic Butelle,/ludovic-butelle/profil/spieler/12029,€100k,Stade Reims,FRA,"Apr 3, 1983 (40)",Reims,France,"1,88 m",Goalkeeper,,,Mar-00,left,40,,France U21
Emmanuel Agbadou,/emmanuel-agbadou/profil/spieler/683895,€7.50m,Stade Reims,FRA,"Jun 17, 1997 (26)",Abidjan,Cote d'Ivoire,"1,92 m",Centre-Back,,,Mar-00,right,26,Ivory Coast,
Joseph Okumu,/joseph-okumu/profil/spieler/453376,€4.00m,Stade Reims,FRA,"May 26, 1997 (26)",Kisumu,Kenya,"1,90 m",Centre-Back,,Kenya,16 / 0,right,26,,
Yunis Abdelhamid,/yunis-abdelhamid/profil/spieler/199704,€700k,Stade Reims,FRA,"Sep 28, 1987 (35)",Montpellier,Morocco,"1,90 m",Centre-Back,,Morocco,Nov-00,left,35,,
Thibault De Smet,/thibault-de-smet/profil/spieler/340177,€3.00m,Stade Reims,FRA,"Jun 5, 1998 (25)",Brugge,Belgium,"1,83 m",Left-Back,SEG,,1-Aug,left,25,,Belgium U21
Josh Wilson-Esbrand,/josh-wilson-esbrand/profil/spieler/576121,€1.50m,Stade Reims,FRA,"Dec 26, 2002 (20)",London,England,"1,76 m",Left-Back,ROOF,England U21,0 / 0,left,20,,
Thomas Foket,/thomas-foket/profil/spieler/215114,€5.00m,Stade Reims,FRA,"Sep 25, 1994 (28)",Brussel,Belgium,"1,77 m",Right-Back,,,1-Oct,right,28,,Belgium
Maxime Busi,/maxime-busi/profil/spieler/570817,€2.50m,Stade Reims,FRA,"Oct 14, 1999 (23)",Liège,Belgium,"1,82 m",Right-Back,,,Apr-00,right,23,,Belgium U21
Ibrahim Diakité,/ibrahim-diakite/profil/spieler/919173,€350k,Stade Reims,FRA,"Oct 31, 2003 (19)",,Guinea,"1,78 m",Right-Back,,Guinea,Jan-00,right,19,,
Marshall Munetsi,/marshall-munetsi/profil/spieler/414908,€9.00m,Stade Reims,FRA,"Jun 22, 1996 (27)",Harare,Zimbabwe,"1,88 m",Defensive Midfield,,,23 / 1,right,27,,Zimbabwe
Azor Matusiwa,/azor-matusiwa/profil/spieler/315145,€7.50m,Stade Reims,FRA,"Apr 28, 1998 (25)",Hilversum,Netherlands,"1,73 m",Defensive Midfield,,,Apr-00,right,25,,Netherlands U21
Valentin Atangana Edoa,/valentin-atangana-edoa/profil/spieler/923759,€250k,Stade Reims,FRA,"Aug 25, 2005 (18)",Yaoundé,France,,Defensive Midfield,,France U19,0 / 0,,18,,
Teddy Teuma,/teddy-teuma/profil/spieler/409153,€5.00m,Stade Reims,FRA,"Sep 30, 1993 (29)",Toulon,Malta,"1,76 m",Central Midfield,,Malta,32 / 3,left,29,,
Amir Richardson,/amir-richardson/profil/spieler/893675,€3.50m,Stade Reims,FRA,"Jan 24, 2002 (21)",Nice,Morocco,"1,95 m",Central Midfield,,Morocco,0 / 0,left,21,,
Reda Khadra,/reda-khadra/profil/spieler/405686,€1.40m,Stade Reims,FRA,"Jul 4, 2001 (22)",Berlin,Germany,"1,75 m",Attacking Midfield,,,Mar-00,right,22,Germany U21,
Keito Nakamura,/keito-nakamura/profil/spieler/405397,€8.00m,Stade Reims,FRA,"Jul 28, 2000 (23)","Abiko, Chiba",Japan,"1,80 m",Left Winger,,Japan,1-Feb,right,23,,
Mohamed Daramy,/mohamed-daramy/profil/spieler/574385,€6.00m,Stade Reims,FRA,"Jan 7, 2002 (21)",Hvidovre,Denmark,"1,80 m",Left Winger,,,Jun-00,right,21,Denmark,
Junya Ito,/junya-ito/profil/spieler/348791,€10.00m,Stade Reims,FRA,"Mar 9, 1993 (30)","Yokosuka, Kanagawa",Japan,"1,76 m",Right Winger,,Japan,46 / 11,right,30,,
Amine Salama,/amine-salama/profil/spieler/980576,€1.50m,Stade Reims,FRA,"Jul 18, 2000 (23)",Paris,France,"1,92 m",Centre-Forward,,,,right,23,,
Oumar Diakité,/oumar-diakite/profil/spieler/847279,€1.50m,Stade Reims,FRA,"Dec 20, 2003 (19)",Bingerville,Cote d'Ivoire,"1,82 m",Centre-Forward,,Ivory Coast,0 / 0,right,19,,
Adama Bojang,/adama-bojang/profil/spieler/1111912,€150k,Stade Reims,FRA,"May 28, 2004 (19)",Bakau,The Gambia,"1,91 m",Centre-Forward,SPOCS Global Sports,The Gambia U20,6-Oct,right,19,,
Marco Bizot,/marco-bizot/profil/spieler/124884,€3.50m,Stade Brestois 29,FRA,"Mar 10, 1991 (32)",Hoorn,Netherlands,"1,93 m",Goalkeeper,,,Jan-00,right,32,,Netherlands
Grégoire Coudert,/gregoire-coudert/profil/spieler/525155,€150k,Stade Brestois 29,FRA,"Apr 3, 1999 (24)",Rodez,France,"1,88 m",Goalkeeper,,,0 / 0,left,24,,France U19
Lilian Brassier,/lilian-brassier/profil/spieler/485960,€5.00m,Stade Brestois 29,FRA,"Nov 2, 1999 (23)",Argenteuil,France,"1,86 m",Centre-Back,,,May-00,left,23,,France U20
Brendan Chardonnet,/brendan-chardonnet/profil/spieler/250779,€5.00m,Stade Brestois 29,FRA,"Dec 22, 1994 (28)",Saint-Renan,France,"1,84 m",Centre-Back,Kemari,,,right,28,,
Achraf Dari,/achraf-dari/profil/spieler/566823,€2.00m,Stade Brestois 29,FRA,"May 6, 1999 (24)",Casablanca,Morocco,"1,88 m",Centre-Back,,,1-Jul,right,24,Morocco,
Josué Escartin,/josue-escartin/profil/spieler/862972,€150k,Stade Brestois 29,FRA,"Mar 21, 2003 (20)",Fleury-les-Aubrais,France,"1,93 m",Centre-Back,,,0 / 0,right,20,,France U18
Bradley Locko,/bradley-locko/profil/spieler/805908,€2.50m,Stade Brestois 29,FRA,"May 6, 2002 (21)",Ivry-sur-Seine,France,"1,80 m",Left-Back,,,0 / 0,left,21,,France U20
Jordan Amavi,/jordan-amavi/profil/spieler/241229,€2.00m,Stade Brestois 29,FRA,"Mar 9, 1994 (29)",Toulon,France,"1,76 m",Left-Back,Classico,,0 / 0,left,29,,France
Julien Le Cardinal,/julien-le-cardinal/profil/spieler/794349,€2.00m,Stade Brestois 29,FRA,"Aug 3, 1997 (26)",Saint-Brieuc,France,"1,84 m",Right-Back,,,,right,26,,
Kenny Lala,/kenny-lala/profil/spieler/174196,€1.50m,Stade Brestois 29,FRA,"Oct 3, 1991 (31)",Villepinte,France,"1,78 m",Right-Back,,,,right,31,,
Pierre Lees-Melou,/pierre-lees-melou/profil/spieler/377393,€4.00m,Stade Brestois 29,FRA,"May 25, 1993 (30)",Langon,France,"1,85 m",Defensive Midfield,,,,right,30,,
Jonas Martin,/jonas-martin/profil/spieler/127142,€1.50m,Stade Brestois 29,FRA,"Apr 9, 1990 (33)",Besançon,France,"1,84 m",Defensive Midfield,,,Jan-00,right,33,,France U19
Mahdi Camara,/mahdi-camara/profil/spieler/324795,€3.00m,Stade Brestois 29,FRA,"Jun 30, 1998 (25)",Martigues,France,"1,78 m",Central Midfield,,,Jan-00,right,25,,France U16
Hugo Magnetti,/hugo-magnetti/profil/spieler/474662,€2.00m,Stade Brestois 29,FRA,"May 30, 1998 (25)",Marseille,France,"1,80 m",Central Midfield,,,,right,25,,
Romain Del Castillo,/romain-del-castillo/profil/spieler/353399,€3.00m,Stade Brestois 29,FRA,"Mar 29, 1996 (27)",Lyon,France,"1,72 m",Right Midfield,,,Sep-00,left,27,,France U21
Mathias Pereira Lage,/mathias-pereira-lage/profil/spieler/424072,€2.00m,Stade Brestois 29,FRA,"Nov 30, 1996 (26)",Clermont-Ferrand,France,"1,80 m",Right Midfield,,,Mar-00,right,26,,Portugal U21
Axel Camblan,/axel-camblan/profil/spieler/924800,€400k,Stade Brestois 29,FRA,"Aug 30, 2003 (20)",Brest,France,"1,69 m",Left Midfield,,,,right,20,,
Kamory Doumbia,/kamory-doumbia/profil/spieler/671594,€2.50m,Stade Brestois 29,FRA,"Feb 18, 2003 (20)",Bamako,Mali,"1,70 m",Attacking Midfield,,Mali,1-Mar,right,20,,
Billal Brahimi,/billal-brahimi/profil/spieler/543051,€7.00m,Stade Brestois 29,FRA,"Mar 14, 2000 (23)",Paris,Algeria,"1,83 m",Left Winger,,,Apr-00,left,23,Algeria,
Jérémy Le Douaron,/jeremy-le-douaron/profil/spieler/737781,€4.50m,Stade Brestois 29,FRA,"Apr 21, 1998 (25)",Ploufragan,France,"1,89 m",Left Winger,Kemari,,,left,25,,
Adrien Lebeau,/adrien-lebeau/profil/spieler/395674,€250k,Stade Brestois 29,FRA,"Jul 8, 1999 (24)",Metz,France,"1,75 m",Left Winger,,,,,24,,
Martín Satriano,/martin-satriano/profil/spieler/640109,€7.00m,Stade Brestois 29,FRA,"Feb 20, 2001 (22)",Montevideo,Uruguay,"1,87 m",Centre-Forward,,,Jan-00,right,22,Uruguay,
Steve Mounié,/steve-mounie/profil/spieler/238639,€5.00m,Stade Brestois 29,FRA,"Sep 29, 1994 (28)",Parakou,Benin,"1,90 m",Centre-Forward,,Benin,45 / 14,right,28,,
Álex Domínguez,/alex-dominguez/profil/spieler/524937,€300k,FC Toulouse,FRA,"Jul 30, 1998 (25)",Granollers,Spain,"1,87 m",Goalkeeper,,,0 / 0,left,25,,Spain U21
Thomas Himeur,/thomas-himeur/profil/spieler/835136,€150k,FC Toulouse,FRA,"Jan 17, 2001 (22)",Toulouse,France,"1,92 m",Goalkeeper,,,,right,22,,
Justin Lacombe,/justin-lacombe/profil/spieler/854988,,FC Toulouse,FRA,"Apr 9, 2003 (20)",,France,"1,92 m",Goalkeeper,,,,right,20,,
Guillaume Restes,/guillaume-restes/profil/spieler/912902,,FC Toulouse,FRA,"Mar 11, 2005 (18)",Toulouse,France,"1,86 m",Goalkeeper,Classico,France U21,0 / 0,left,18,,
Rasmus Nicolaisen,/rasmus-nicolaisen/profil/spieler/283227,€6.00m,FC Toulouse,FRA,"Mar 16, 1997 (26)",Herning,Denmark,"1,91 m",Centre-Back,,,Apr-00,left,26,,Denmark U19
Logan Costa,/logan-costa/profil/spieler/484988,€1.20m,FC Toulouse,FRA,"Apr 1, 2001 (22)",Saint-Denis,Cape Verde,"1,90 m",Centre-Back,,Cape Verde,May-00,right,22,,
Moussa Diarra,/moussa-diarra/profil/spieler/694509,€800k,FC Toulouse,FRA,"Nov 10, 2000 (22)",Stains,Mali,"1,85 m",Centre-Back,Rafaela Pimenta,Mali,Jan-00,left,22,,
Kévin Keben,/kevin-keben/profil/spieler/855014,€400k,FC Toulouse,FRA,"Jan 26, 2004 (19)",Bertoua,Cameroon,,Centre-Back,CAA Stellar,Cameroon U23,0 / 0,,19,,
Christian Mawissa Elebi,/christian-mawissa-elebi/profil/spieler/1005240,€250k,FC Toulouse,FRA,"Apr 18, 2005 (18)",Saint-Jean-de-Verges,France,"1,80 m",Centre-Back,Classico,France U19,0 / 0,left,18,,
Gabriel Suazo,/gabriel-suazo/profil/spieler/385105,€2.50m,FC Toulouse,FRA,"Aug 9, 1997 (26)",San Bernardo,Chile,"1,78 m",Left-Back,,Chile,13 / 0,left,26,,
Oliver Zandén,/oliver-zanden/profil/spieler/611195,€1.00m,FC Toulouse,FRA,"Aug 14, 2001 (22)",Alingsås,Sweden,"1,83 m",Left-Back,,,0 / 0,,22,,Sweden U21
Mikkel Desler,/mikkel-desler/profil/spieler/221873,€2.50m,FC Toulouse,FRA,"Feb 19, 1995 (28)",Assens,Denmark,"1,84 m",Right-Back,,,0 / 0,right,28,,Denmark U23
Warren Kamanzi,/warren-kamanzi/profil/spieler/794758,€1.20m,FC Toulouse,FRA,"Nov 11, 2000 (22)",Namsos,Norway,"1,77 m",Right-Back,,,Mar-00,right,22,Norway U21,
Cristian Cásseres Jr.,/cristian-casseres-jr-/profil/spieler/467632,€3.50m,FC Toulouse,FRA,"Jan 20, 2000 (23)",Caracas,Venezuela,"1,76 m",Central Midfield,,Venezuela,20 / 0,right,23,,
Vincent Sierro,/vincent-sierro/profil/spieler/280387,€1.50m,FC Toulouse,FRA,"Oct 8, 1995 (27)",Sion,Switzerland,"1,85 m",Central Midfield,Gold Kick SA,,Apr-00,right,27,,Switzerland U20
Kléri Serber,/kleri-serber/profil/spieler/395697,€350k,FC Toulouse,FRA,"Jul 3, 1998 (25)",Rillieux-la-Pape,France,"1,72 m",Central Midfield,,,Jan-00,right,25,,France U16
Noah Lahmadi,/noah-lahmadi/profil/spieler/1069459,,FC Toulouse,FRA,"Jan 5, 2005 (18)",,France,,Central Midfield,,France U19,0 / 0,,18,,
Aron Dønnum,/aron-donnum/profil/spieler/476836,€3.00m,FC Toulouse,FRA,"Apr 20, 1998 (25)",Eidsvoll,Norway,"1,78 m",Left Midfield,,,Feb-00,left,25,,Norway
Mamady Bangré,/mamady-bangre/profil/spieler/817180,€1.00m,FC Toulouse,FRA,"Jun 15, 2001 (22)",Toulouse,Burkina Faso,"1,71 m",Left Midfield,,Burkina Faso,Mar-00,left,22,,
Niklas Schmidt,/niklas-schmidt/profil/spieler/275249,€2.50m,FC Toulouse,FRA,"Mar 1, 1998 (25)",Kassel,Germany,"1,84 m",Attacking Midfield,SEG,,3-Aug,na,25,,Germany U19
Denis Genreau,/denis-genreau/profil/spieler/470618,€1.50m,FC Toulouse,FRA,"May 21, 1999 (24)",Paris,Australia,"1,75 m",Attacking Midfield,Kemari,Australia,May-00,right,24,,
César Gelabert,/cesar-gelabert/profil/spieler/505308,€700k,FC Toulouse,FRA,"Oct 31, 2000 (22)",Palencia,Spain,"1,82 m",Attacking Midfield,CAA Stellar,,0 / 0,right,22,,Spain U19
Naatan Skyttä,/naatan-skytta/profil/spieler/567309,€500k,FC Toulouse,FRA,"May 7, 2002 (21)",Ylöjärvi,Finland,"1,70 m",Attacking Midfield,,,16 / 8,left,21,Finland U21,
Ibrahim Cissoko,/ibrahim-cissoko/profil/spieler/575693,€2.50m,FC Toulouse,FRA,"Mar 26, 2003 (20)",Nijmegen,Netherlands,"1,88 m",Left Winger,PURE,,,right,20,,
Junior Flemmings,/junior-flemmings/profil/spieler/354664,€350k,FC Toulouse,FRA,"Jan 16, 1996 (27)",Kingston,Jamaica,"1,80 m",Left Winger,,,26 / 4,right,27,,Jamaica
Zakaria Aboukhlal,/zakaria-aboukhlal/profil/spieler/393238,€9.00m,FC Toulouse,FRA,"Feb 18, 2000 (23)",Rotterdam,Morocco,"1,79 m",Right Winger,,Morocco,20 / 3,na,23,,
Noah Edjouma,/noah-edjouma/profil/spieler/1078326,,FC Toulouse,FRA,"Oct 4, 2005 (17)",Clamart,France,,Right Winger,Is known - player U18,,1-Feb,,17,France U18,
Thijs Dallinga,/thijs-dallinga/profil/spieler/538964,€12.00m,FC Toulouse,FRA,"Aug 3, 2000 (23)",Groningen,Netherlands,"1,90 m",Centre-Forward,,,Jul-00,right,23,Netherlands U21,
Yanis Begraoui,/yanis-begraoui/profil/spieler/569376,€1.00m,FC Toulouse,FRA,"Jul 4, 2001 (22)",Étampes,Morocco,"1,79 m",Centre-Forward,Sport Cover,Morocco U23,3-Jul,na,22,,
Frank Magri,/frank-magri/profil/spieler/807689,€1.00m,FC Toulouse,FRA,"Sep 4, 1999 (24)",Agen,France,"1,78 m",Centre-Forward,,,,right,24,,
Bonota Traoré,/bonota-traore/profil/spieler/967049,€50k,FC Toulouse,FRA,"Jun 30, 2003 (20)",,France,,Centre-Forward,,,,,20,,
Mory Diaw,/mory-diaw/profil/spieler/164904,€2.00m,Clermont Foot 63,FRA,"Jun 22, 1993 (30)",Poissy,Senegal,"1,97 m",Goalkeeper,,Senegal,Jan-00,right,30,,
Massamba N'Diaye,/massamba-ndiaye/profil/spieler/916497,€500k,Clermont Foot 63,FRA,"Oct 8, 2001 (21)",Thiès,Senegal,"2,02 m",Goalkeeper,,Senegal U23,Jan-00,,21,,
Théo Borne,/theo-borne/profil/spieler/920218,€100k,Clermont Foot 63,FRA,"Jul 15, 2002 (21)",Montbéliard,France,"1,91 m",Goalkeeper,,,,right,21,,
Alidu Seidu,/alidu-seidu/profil/spieler/798404,€7.00m,Clermont Foot 63,FRA,"Jun 4, 2000 (23)",Abidjan,Ghana,"1,73 m",Centre-Back,,Ghana,Jun-00,right,23,,
Andy Pelmard,/andy-pelmard/profil/spieler/494236,€4.30m,Clermont Foot 63,FRA,"Mar 12, 2000 (23)",Nice,France,"1,80 m",Centre-Back,,,Feb-00,right,23,,France U21
Maximiliano Caufriez,/maximiliano-caufriez/profil/spieler/369267,€2.50m,Clermont Foot 63,FRA,"Feb 16, 1997 (26)",Saint-Ghislain,Belgium,"1,89 m",Centre-Back,,,Jan-00,right,26,,Belgium U21
Cheick Oumar Konaté,/cheick-oumar-konate/profil/spieler/1108145,€1.00m,Clermont Foot 63,FRA,"Apr 2, 2004 (19)",Bamoko,Mali,"1,73 m",Centre-Back,,,,right,19,,
Florent Ogier,/florent-ogier/profil/spieler/91473,€450k,Clermont Foot 63,FRA,"Mar 21, 1989 (34)",Lyon,France,"1,83 m",Centre-Back,Kemari,,,right,34,,
Neto Borges,/neto-borges/profil/spieler/557939,€4.00m,Clermont Foot 63,FRA,"Sep 13, 1996 (26)",Saubara,Brazil,"1,85 m",Left-Back,,,,left,26,,
Yoël Armougom,/yoel-armougom/profil/spieler/548716,€400k,Clermont Foot 63,FRA,"Jun 5, 1998 (25)",Saint-Denis,France,"1,75 m",Left-Back,,,,left,25,,
Mehdi Zeffane,/mehdi-zeffane/profil/spieler/118303,€450k,Clermont Foot 63,FRA,"May 19, 1992 (31)",Sainte-Foy-lès-Lyon,Algeria,"1,76 m",Right-Back,,,19 / 0,right,31,,Algeria
Yohann Magnin,/yohann-magnin/profil/spieler/594997,€2.50m,Clermont Foot 63,FRA,"Jun 21, 1997 (26)",Clermont-Ferrand,France,"1,83 m",Defensive Midfield,,,,right,26,,
Maxime Gonalons,/maxime-gonalons/profil/spieler/60542,€900k,Clermont Foot 63,FRA,"Mar 10, 1989 (34)",Vénissieux,France,"1,87 m",Defensive Midfield,,,Aug-00,right,34,,France
Johan Gastien,/johan-gastien/profil/spieler/72121,€700k,Clermont Foot 63,FRA,"Jan 25, 1988 (35)",Niort,France,"1,79 m",Defensive Midfield,,,,right,35,,
Habib Keïta,/habib-keita/profil/spieler/669000,€650k,Clermont Foot 63,FRA,"Feb 5, 2002 (21)",Bamako,Mali,"1,82 m",Central Midfield,,,,left,21,,
Jim Allevinah,/jim-allevinah/profil/spieler/646733,€2.00m,Clermont Foot 63,FRA,"Feb 27, 1995 (28)",Agen,Gabon,"1,72 m",Right Midfield,,Gabon,20 / 6,right,28,,
Muhammed Cham,/muhammed-cham/profil/spieler/422281,€6.00m,Clermont Foot 63,FRA,"Sep 26, 2000 (22)",Wien,Austria,"1,80 m",Attacking Midfield,CAA Stellar,Austria,Jan-00,left,22,,
Aïman Maurer,/aiman-maurer/profil/spieler/860056,€800k,Clermont Foot 63,FRA,"Sep 25, 2004 (18)",Neuilly-sur-Seine,Morocco,"1,73 m",Attacking Midfield,,Morocco U23,1-Feb,right,18,,
Elbasan Rashani,/elbasan-rashani/profil/spieler/149579,€2.00m,Clermont Foot 63,FRA,"May 9, 1993 (30)",Hillerstorp,Kosovo,"1,81 m",Left Winger,,,22 / 4,left,30,Kosovo,
Jérémie Bela,/jeremie-bela/profil/spieler/170966,€1.50m,Clermont Foot 63,FRA,"Apr 8, 1993 (30)",Melun,Angola,"1,73 m",Left Winger,,,Feb-00,right,30,,Angola
Bilal Boutobba,/bilal-boutobba/profil/spieler/344151,€2.50m,Clermont Foot 63,FRA,"Aug 29, 1998 (25)",Marseille,France,"1,72 m",Right Winger,,,Jan-00,left,25,,France U20
Shamar Nicholson,/shamar-nicholson/profil/spieler/354666,€4.50m,Clermont Foot 63,FRA,"Mar 16, 1997 (26)",Kingston,Jamaica,"1,92 m",Centre-Forward,,Jamaica,40 / 11,right,26,,
Grejohn Kyei,/grejohn-kyei/profil/spieler/321647,€2.50m,Clermont Foot 63,FRA,"Aug 12, 1995 (28)",Gonesse,France,"1,87 m",Centre-Forward,,,1-Jan,right,28,,France U21
Komnen Andric,/komnen-andric/profil/spieler/260316,€1.80m,Clermont Foot 63,FRA,"Jul 1, 1995 (28)",Novi Pazar,Serbia,"1,89 m",Centre-Forward,,,1-Feb,right,28,,Serbia U20
Arthur Desmas,/arthur-desmas/profil/spieler/379869,€1.50m,Le Havre AC,FRA,"Apr 7, 1994 (29)",Brest,France,"1,96 m",Goalkeeper,,,,right,29,,
Mathieu Gorgelin,/mathieu-gorgelin/profil/spieler/60543,€200k,Le Havre AC,FRA,"Aug 5, 1990 (33)",Ambérieu-en-Bugey,France,"1,87 m",Goalkeeper,,,Jan-00,left,33,,France U21
Mohamed Koné,/mohamed-kone/profil/spieler/911985,€50k,Le Havre AC,FRA,"Mar 7, 2002 (21)",Adjamé,Cote d'Ivoire,"1,86 m",Goalkeeper,,Ivory Coast U23,0 / 0,right,21,,
Arouna Sangante,/arouna-sangante/profil/spieler/768380,€5.00m,Le Havre AC,FRA,"Apr 12, 2002 (21)",Mbao,Senegal,"1,89 m",Centre-Back,,,,right,21,,
Yoann Salmier,/yoann-salmier/profil/spieler/351843,€2.00m,Le Havre AC,FRA,"Nov 21, 1992 (30)",Villiers-le-Bel,French Guiana,"1,88 m",Centre-Back,,,Feb-00,right,30,,French Guiana
Gautier Lloris,/gautier-lloris/profil/spieler/249636,€1.50m,Le Havre AC,FRA,"Jul 18, 1995 (28)",Nice,France,"1,91 m",Centre-Back,,,Mar-00,left,28,,France U19
Étienne Youté Kinkoué,/etienne-youte-kinkoue/profil/spieler/639712,€300k,Le Havre AC,FRA,"Jan 14, 2002 (21)",Lyon,France,"1,96 m",Centre-Back,,,1-Jun,right,21,,France U17
Yoni Gomis,/yoni-gomis/profil/spieler/988272,€50k,Le Havre AC,FRA,"Sep 23, 2005 (17)",Saint-Aubin-lès-Elb...,France,"1,86 m",Centre-Back,,,May-00,left,17,France U18,
Christopher Operi,/christopher-operi/profil/spieler/469976,€2.00m,Le Havre AC,FRA,"Apr 29, 1997 (26)",Abidjan,Cote d'Ivoire,"1,83 m",Left-Back,,,,left,26,,
Cheick Doumbia,/cheick-doumbia/profil/spieler/918302,,Le Havre AC,FRA,"Oct 18, 2004 (18)",Courcouronnes,France,"1,75 m",Left-Back,,,Feb-00,left,18,France U19,
Oualid El Hajjam,/oualid-el-hajjam/profil/spieler/283127,€1.20m,Le Havre AC,FRA,"Feb 19, 1991 (32)",Châteauroux,Morocco,"1,81 m",Right-Back,,,Jan-00,right,32,,Morocco
Loïc Nego,/loic-nego/profil/spieler/122840,€1.00m,Le Havre AC,FRA,"Jan 15, 1991 (32)",Paris,Hungary,"1,81 m",Right-Back,Sport Cover,Hungary,29 / 2,right,32,,
Abdoulaye Touré,/abdoulaye-toure/profil/spieler/181382,€1.30m,Le Havre AC,FRA,"Mar 3, 1994 (29)",Nantes,France,"1,88 m",Defensive Midfield,,,Mar-00,right,29,,France U20
Nolan Mbemba,/nolan-mbemba/profil/spieler/276768,€500k,Le Havre AC,FRA,"Feb 19, 1995 (28)",Amiens,Congo,"1,81 m",Defensive Midfield,,,Aug-00,right,28,Congo,
Aloïs Confais,/alois-confais/profil/spieler/292820,€300k,Le Havre AC,FRA,"Sep 7, 1996 (27)",Evreux,France,"1,74 m",Defensive Midfield,,,Jul-00,right,27,,France U20
Daler Kuzyaev,/daler-kuzyaev/profil/spieler/279570,€10.00m,Le Havre AC,FRA,"Jan 15, 1993 (30)","Naberezhnye Chelny, ...",Russia,"1,82 m",Central Midfield,,,46 / 2,right,30,Russia,
Rassoul Ndiaye,/rassoul-ndiaye/profil/spieler/662242,€4.00m,Le Havre AC,FRA,"Dec 11, 2001 (21)",Besançon,Senegal,"1,79 m",Central Midfield,,Senegal U23,Jan-00,right,21,,
Yassine Kechta,/yassine-kechta/profil/spieler/667967,€3.50m,Le Havre AC,FRA,"Feb 25, 2002 (21)",Paris,Morocco,"1,74 m",Central Midfield,,Morocco U23,0 / 0,left,21,,
Oussama Targhalline,/oussama-targhalline/profil/spieler/667965,€800k,Le Havre AC,FRA,"May 20, 2002 (21)",Sidi Belyout,Morocco,"1,86 m",Central Midfield,,,1-Aug,right,21,Morocco U23,
Mokrane Bentoumi,/mokrane-bentoumi/profil/spieler/789091,€50k,Le Havre AC,FRA,"Jun 16, 2005 (18)",Rouen,France,"1,69 m",Attacking Midfield,,France U19,0 / 0,left,18,,
Nabil Alioui,/nabil-alioui/profil/spieler/344607,€1.50m,Le Havre AC,FRA,"Feb 18, 1999 (24)",Toulon,France,"1,75 m",Left Winger,,,3-Sep,right,24,,France U20
Issa Soumaré,/issa-soumare/profil/spieler/568698,€1.00m,Le Havre AC,FRA,"Oct 10, 2000 (22)",Podor,Senegal,"1,82 m",Left Winger,,,,right,22,,
Kandet Diawara,/kandet-diawara/profil/spieler/575319,€250k,Le Havre AC,FRA,"Feb 10, 2000 (23)",Lille,France,"1,80 m",Left Winger,,,May-00,right,23,,France U18
Samuel Grandsir,/samuel-grandsir/profil/spieler/432772,€2.00m,Le Havre AC,FRA,"Aug 14, 1996 (27)",Evreux,France,"1,70 m",Right Winger,,,Apr-00,right,27,,France U21
Josué Casimir,/josue-casimir/profil/spieler/763182,€1.80m,Le Havre AC,FRA,"Sep 24, 2001 (21)",Baie-Mahault,Guadeloupe,"1,78 m",Right Winger,,Guadeloupe U20,3-Mar,right,21,,
Emmanuel Sabbi,/emmanuel-sabbi/profil/spieler/381187,€600k,Le Havre AC,FRA,"Dec 24, 1997 (25)",Vicenza,United States,"1,78 m",Right Winger,,,Jan-00,right,25,USA,
Mohamed Bayo,/mohamed-bayo/profil/spieler/594991,€6.00m,Le Havre AC,FRA,"Jun 4, 1998 (25)",Clermont-Ferrand,Guinea,"1,88 m",Centre-Forward,,Guinea,15 / 4,right,25,,
Antoine Joujou,/antoine-joujou/profil/spieler/1028162,€800k,Le Havre AC,FRA,"Mar 12, 2003 (20)",Mantes-la-Jolie,France,"1,89 m",Centre-Forward,,,0 / 0,,20,France U20,
Andy Logbo,/andy-logbo/profil/spieler/770407,,Le Havre AC,FRA,"May 6, 2004 (19)",Paris,France,"1,88 m",Centre-Forward,,France U20,0 / 0,left,19,,
Guillaume Dietsch,/guillaume-dietsch/profil/spieler/463601,€700k,FC Metz,FRA,"Apr 17, 2001 (22)",Forbach,France,"1,84 m",Goalkeeper,,,Jan-00,right,22,France U21,
Alexandre Oukidja,/alexandre-oukidja/profil/spieler/56809,€500k,FC Metz,FRA,"Jul 19, 1988 (35)",Nevers,Algeria,"1,84 m",Goalkeeper,,,Jun-00,right,35,Algeria,
Marc-Aurèle Caillard,/marc-aurele-caillard/profil/spieler/205465,€500k,FC Metz,FRA,"May 12, 1994 (29)",Melun,France,"1,91 m",Goalkeeper,,,Jan-00,right,29,,France U18
Fali Candé,/fali-cande/profil/spieler/520530,€2.50m,FC Metz,FRA,"Jan 24, 1998 (25)",Bissau,Guinea-Bissau,"1,84 m",Centre-Back,,,17 / 0,left,25,Guinea-Bissau,
Christophe Hérelle,/christophe-herelle/profil/spieler/170544,€2.00m,FC Metz,FRA,"Aug 22, 1992 (31)",Nizza,Martinique,"1,88 m",Centre-Back,,,0 / 0,right,31,,Martinique
Ismaël Traoré,/ismael-traore/profil/spieler/57216,€300k,FC Metz,FRA,"Aug 18, 1986 (37)",Paris,Cote d'Ivoire,"1,84 m",Centre-Back,,,19 / 0,right,37,,Ivory Coast
Abou Lo,/abou-lo/profil/spieler/739076,€250k,FC Metz,FRA,"Jan 2, 2000 (23)",Dakar,Senegal,"1,83 m",Centre-Back,,,,right,23,,
Sadibou Sané,/sadibou-sane/profil/spieler/1111777,,FC Metz,FRA,"Jun 10, 2004 (19)",Diouloulou,Senegal,"1,85 m",Centre-Back,,,0 / 0,right,19,Senegal U20,
Matthieu Udol,/matthieu-udol/profil/spieler/344886,€2.50m,FC Metz,FRA,"Mar 20, 1996 (27)",Metz,France,"1,78 m",Left-Back,,,,left,27,,
Kevin Van Den Kerkhof,/kevin-van-den-kerkhof/profil/spieler/400680,€2.00m,FC Metz,FRA,"Mar 14, 1996 (27)",Saint-Saulve,Algeria,"1,90 m",Right-Back,,Algeria,Feb-00,right,27,,
Koffi Kouao,/koffi-kouao/profil/spieler/481513,€2.00m,FC Metz,FRA,"May 20, 1998 (25)",Abidjan,Cote d'Ivoire,"1,73 m",Right-Back,,,0 / 0,right,25,,Ivory Coast U23
Maxime Colin,/maxime-colin/profil/spieler/156618,€1.20m,FC Metz,FRA,"Nov 15, 1991 (31)",Arras,France,"1,80 m",Right-Back,,,Jul-00,right,31,,France U20
Habib Maïga,/habib-maiga/profil/spieler/293944,€2.50m,FC Metz,FRA,"Jan 1, 1996 (27)",Gagnoa,Cote d'Ivoire,"1,81 m",Defensive Midfield,SEG,,13 / 0,right,27,,Ivory Coast
Kévin N'Doram,/kevin-ndoram/profil/spieler/342209,€1.50m,FC Metz,FRA,"Jan 22, 1996 (27)",Saint-Sébastien-sur...,France,"1,84 m",Defensive Midfield,,,Feb-00,right,27,,France U21
Danley Jean Jacques,/danley-jean-jacques/profil/spieler/628834,€1.50m,FC Metz,FRA,"May 20, 2000 (23)",Petit-Goâve,Haiti,"1,82 m",Defensive Midfield,,Haiti,1-May,right,23,,
Arthur Atta,/arthur-atta/profil/spieler/855308,€500k,FC Metz,FRA,"Jan 14, 2003 (20)",Rennes,France,"1,89 m",Defensive Midfield,,,0 / 0,right,20,France U20,
Jean N'Guessan,/jean-nguessan/profil/spieler/837329,€1.20m,FC Metz,FRA,"Apr 17, 2003 (20)",Daloa,Cote d'Ivoire,"1,77 m",Central Midfield,,Ivory Coast U23,0 / 0,right,20,,
Sami Lahssaini,/sami-lahssaini/profil/spieler/535706,€450k,FC Metz,FRA,"Sep 18, 1998 (24)",Liège,Belgium,"1,77 m",Central Midfield,,,,right,24,,
Joseph Nduquidi,/joseph-nduquidi/profil/spieler/919620,€250k,FC Metz,FRA,"Oct 31, 2004 (18)",Forbach,France,"1,87 m",Central Midfield,,,,,18,,
Lamine Camara,/lamine-camara/profil/spieler/918969,€200k,FC Metz,FRA,"Jan 1, 2004 (19)",Diouloulou,Senegal,"1,73 m",Central Midfield,,Senegal U23,Feb-00,right,19,,
Cheikh Sabaly,/cheikh-sabaly/profil/spieler/568696,€700k,FC Metz,FRA,"Mar 4, 1999 (24)",Kolda,Senegal,"1,68 m",Left Winger,,,,right,24,,
Ablie Jallow,/ablie-jallow/profil/spieler/366045,€1.50m,FC Metz,FRA,"Nov 14, 1998 (24)",Bundung,The Gambia,"1,66 m",Right Winger,,The Gambia,27 / 7,left,24,,
Joel Asoro,/joel-asoro/profil/spieler/375391,€1.50m,FC Metz,FRA,"Apr 27, 1999 (24)",Haninge,Sweden,"1,76 m",Right Winger,,,1-Feb,right,24,Sweden,
Warren Tchimbembé,/warren-tchimbembe/profil/spieler/591914,€500k,FC Metz,FRA,"Apr 21, 1998 (25)",Gonesse,Congo,"1,80 m",Right Winger,,Congo,Feb-00,right,25,,
Malick Mbaye,/malick-mbaye/profil/spieler/707063,€150k,FC Metz,FRA,"Apr 6, 2004 (19)",Diohine,Senegal,"1,73 m",Right Winger,,,0 / 0,right,19,Senegal,
Óscar Estupiñán,/oscar-estupinan/profil/spieler/388266,€5.00m,FC Metz,FRA,"Dec 29, 1996 (26)",Santiago de Cali,Colombia,"1,82 m",Centre-Forward,,,Jan-00,left,26,Colombia,
Benjamin Tetteh,/benjamin-tetteh/profil/spieler/306382,€1.50m,FC Metz,FRA,"Jul 10, 1997 (26)",Accra,Ghana,"1,93 m",Centre-Forward,SPOCS Global Sports,,Jul-00,right,26,,Ghana
Simon Elisor,/simon-elisor/profil/spieler/804661,€800k,FC Metz,FRA,"Jul 22, 1999 (24)",Périgueux,France,"1,85 m",Centre-Forward,,,,left,24,,
Ibou Sané,/ibou-sane/profil/spieler/1111776,,FC Metz,FRA,"Mar 28, 2005 (18)",Diégoune,Senegal,"1,80 m",Centre-Forward,,,1-Feb,right,18,Senegal U20,
