name,url,value,club_name,country_league,dob_and_age,birth_place,citizenship,height,postion,national_player,caps/goals,foot,age,current_international,former_international,agent
Thibaut Courtois,/thibaut-courtois/profil/spieler/108390,€45.00m,Real Madrid,ESP,"May 11, 1992 (31)",Bree,Belgium,"2,00 m",Goalkeeper,Belgium,102 / 0,left,31,,,
Kepa Arrizabalaga,/kepa-arrizabalaga/profil/spieler/192279,€18.00m,Real Madrid,ESP,"Oct 3, 1994 (28)",Ondarroa,Spain,"1,88 m",Goalkeeper,,13 / 0,right,28,Spain,,
Andriy Lunin,/andriy-lunin/profil/spieler/404839,€5.00m,Real Madrid,ESP,"Feb 11, 1999 (24)","Krasnograd, Kharkiv ...",Ukraine,"1,91 m",Goalkeeper,,Sep-00,right,24,Ukraine,,
Éder Militão,/eder-militao/profil/spieler/401530,€70.00m,Real Madrid,ESP,"Jan 18, 1998 (25)",Sertãozinho,Brazil,"1,86 m",Centre-Back,Brazil,30 / 2,right,25,,,
David Alaba,/david-alaba/profil/spieler/59016,€40.00m,Real Madrid,ESP,"Jun 24, 1992 (31)",Wien,Austria,"1,80 m",Centre-Back,,101 / 15,left,31,Austria,,
Antonio Rüdiger,/antonio-rudiger/profil/spieler/86202,€32.00m,Real Madrid,ESP,"Mar 3, 1993 (30)",Berlin,Germany,"1,90 m",Centre-Back,,61 / 2,right,30,Germany,,
Nacho Fernández,/nacho-fernandez/profil/spieler/58884,€6.00m,Real Madrid,ESP,"Jan 18, 1990 (33)",Madrid,Spain,"1,80 m",Centre-Back,Spain,24 / 1,right,33,,,
Ferland Mendy,/ferland-mendy/profil/spieler/291417,€25.00m,Real Madrid,ESP,"Jun 8, 1995 (28)",Meulan-en-Yvelines,France,"1,80 m",Left-Back,France,Sep-00,left,28,,,
Fran García,/fran-garcia/profil/spieler/341264,€12.00m,Real Madrid,ESP,"Aug 14, 1999 (24)",Bolaños de ...,Spain,"1,69 m",Left-Back,Spain,0 / 0,left,24,,,
Daniel Carvajal,/daniel-carvajal/profil/spieler/138927,€12.00m,Real Madrid,ESP,"Jan 11, 1992 (31)",Leganés,Spain,"1,73 m",Right-Back,,37 / 0,right,31,Spain,,
Lucas Vázquez,/lucas-vazquez/profil/spieler/221316,€8.00m,Real Madrid,ESP,"Jul 1, 1991 (32)",A Coruña,Spain,"1,73 m",Right-Back,,Sep-00,right,32,,Spain,
Aurélien Tchouaméni,/aurelien-tchouameni/profil/spieler/413112,€85.00m,Real Madrid,ESP,"Jan 27, 2000 (23)",Rouen,France,"1,88 m",Defensive Midfield,,26 / 3,right,23,France,,
Jude Bellingham,/jude-bellingham/profil/spieler/581678,€120.00m,Real Madrid,ESP,"Jun 29, 2003 (20)",Stourbridge,England,"1,86 m",Central Midfield,,25 / 1,right,20,England,,
Federico Valverde,/federico-valverde/profil/spieler/369081,€100.00m,Real Madrid,ESP,"Jul 22, 1998 (25)",Montevideo,Uruguay,"1,82 m",Central Midfield,,50 / 6,right,25,Uruguay,,
Eduardo Camavinga,/eduardo-camavinga/profil/spieler/640428,€85.00m,Real Madrid,ESP,"Nov 10, 2002 (20)",Cabinda,France,"1,82 m",Central Midfield,,1-Nov,left,20,France,,CAA Stellar
Toni Kroos,/toni-kroos/profil/spieler/31909,€15.00m,Real Madrid,ESP,"Jan 4, 1990 (33)",Greifswald,Germany,"1,83 m",Central Midfield,,106 / 17,right,33,,Germany,Sports360 GmbH
Dani Ceballos,/dani-ceballos/profil/spieler/319745,€12.00m,Real Madrid,ESP,"Aug 7, 1996 (27)",Utrera,Spain,"1,79 m",Central Midfield,Spain,13 / 1,right,27,,,
Luka Modric,/luka-modric/profil/spieler/27992,€10.00m,Real Madrid,ESP,"Sep 9, 1985 (38)",Zadar,Croatia,"1,72 m",Central Midfield,,167 / 24,right,38,Croatia,,Universal Twenty Two
Brahim Díaz,/brahim-diaz/profil/spieler/314678,€20.00m,Real Madrid,ESP,"Aug 3, 1999 (24)",Málaga,Spain,"1,70 m",Attacking Midfield,,1-Jan,na,24,,Spain,
Arda Güler,/arda-guler/profil/spieler/861410,€15.00m,Real Madrid,ESP,"Feb 25, 2005 (18)",Ankara,Turkey,"1,75 m",Attacking Midfield,Turkey,1-Apr,left,18,,,
Vinicius Junior,/vinicius-junior/profil/spieler/371998,€150.00m,Real Madrid,ESP,"Jul 12, 2000 (23)",São Gonçalo,Brazil,"1,76 m",Left Winger,Brazil,23 / 3,right,23,,,
Rodrygo,/rodrygo/profil/spieler/412363,€100.00m,Real Madrid,ESP,"Jan 9, 2001 (22)",Osasco,Brazil,"1,74 m",Right Winger,,15 / 4,right,22,Brazil,,
Joselu,/joselu/profil/spieler/81999,€6.00m,Real Madrid,ESP,"Mar 27, 1990 (33)",Stuttgart,Spain,"1,91 m",Centre-Forward,,3-May,right,33,Spain,,
Marc-André ter Stegen,/marc-andre-ter-stegen/profil/spieler/74857,€35.00m,FC Barcelona,ESP,"Apr 30, 1992 (31)",Mönchengladbach,Germany,"1,87 m",Goalkeeper,,35 / 0,right,31,Germany,,ROOF
Iñaki Peña,/inaki-pena/profil/spieler/283170,€4.00m,FC Barcelona,ESP,"Mar 2, 1999 (24)",Alicante,Spain,"1,84 m",Goalkeeper,,0 / 0,right,24,,Spain,
Ronald Araújo,/ronald-araujo/profil/spieler/480267,€70.00m,FC Barcelona,ESP,"Mar 7, 1999 (24)",Rivera,Uruguay,"1,92 m",Centre-Back,Uruguay,Dec-00,right,24,,,
Jules Koundé,/jules-kounde/profil/spieler/411975,€60.00m,FC Barcelona,ESP,"Nov 12, 1998 (24)",Paris,France,"1,80 m",Centre-Back,,22 / 0,right,24,France,,
Andreas Christensen,/andreas-christensen/profil/spieler/196948,€40.00m,FC Barcelona,ESP,"Apr 10, 1996 (27)",Lillerød,Denmark,"1,87 m",Centre-Back,,63 / 3,right,27,Denmark,,
Iñigo Martínez,/inigo-martinez/profil/spieler/158863,€10.00m,FC Barcelona,ESP,"May 17, 1991 (32)",Ondarroa,Spain,"1,82 m",Centre-Back,Spain,20 / 1,left,32,,,
Alejandro Balde,/alejandro-balde/profil/spieler/636688,€50.00m,FC Barcelona,ESP,"Oct 18, 2003 (19)",Barcelona,Spain,"1,75 m",Left-Back,,May-00,left,19,Spain,,Gestifute
Marcos Alonso,/marcos-alonso/profil/spieler/112515,€5.00m,FC Barcelona,ESP,"Dec 28, 1990 (32)",Madrid,Spain,"1,88 m",Left-Back,,Sep-00,left,32,,Spain,
João Cancelo,/joao-cancelo/profil/spieler/182712,€50.00m,FC Barcelona,ESP,"May 27, 1994 (29)",Barreiro,Portugal,"1,82 m",Right-Back,,45 / 8,right,29,Portugal,,Gestifute
Sergi Roberto,/sergi-roberto/profil/spieler/85370,€5.00m,FC Barcelona,ESP,"Feb 7, 1992 (31)",Reus,Spain,"1,78 m",Right-Back,,1-Nov,right,31,,Spain,
Oriol Romeu,/oriol-romeu/profil/spieler/66100,€5.00m,FC Barcelona,ESP,"Sep 24, 1991 (31)",Ulldecona,Spain,"1,83 m",Defensive Midfield,,May-00,right,31,,Spain U23,
Pedri,/pedri/profil/spieler/683840,€100.00m,FC Barcelona,ESP,"Nov 25, 2002 (20)",Tegueste,Spain,"1,74 m",Central Midfield,Spain,18 / 0,right,20,,,
Gavi,/gavi/profil/spieler/646740,€90.00m,FC Barcelona,ESP,"Aug 5, 2004 (19)",Los Palacios y ...,Spain,"1,73 m",Central Midfield,,22 / 3,right,19,Spain,,
Frenkie de Jong,/frenkie-de-jong/profil/spieler/326330,€75.00m,FC Barcelona,ESP,"May 12, 1997 (26)",Arkel,Netherlands,"1,81 m",Central Midfield,,52 / 2,right,26,Netherlands,,
Ilkay Gündogan,/ilkay-gundogan/profil/spieler/53622,€20.00m,FC Barcelona,ESP,"Oct 24, 1990 (32)",Gelsenkirchen,Germany,"1,80 m",Central Midfield,,68 / 17,right,32,Germany,,
Fermín López,/fermin-lopez/profil/spieler/636703,€300k,FC Barcelona,ESP,"May 11, 2003 (20)",El Campillo,Spain,"1,74 m",Central Midfield,,,right,20,,,CAA Stellar
Raphinha,/raphinha/profil/spieler/411295,€60.00m,FC Barcelona,ESP,"Dec 14, 1996 (26)",Porto Alegre,Brazil,"1,76 m",Right Winger,,17 / 6,left,26,Brazil,,
Ferran Torres,/ferran-torres/profil/spieler/398184,€30.00m,FC Barcelona,ESP,"Feb 29, 2000 (23)",Foios,Spain,"1,84 m",Right Winger,Spain,35 / 15,right,23,,,
Lamine Yamal,/lamine-yamal/profil/spieler/937958,€25.00m,FC Barcelona,ESP,"Jul 13, 2007 (16)",Esplugues de ...,Spain,"1,80 m",Right Winger,,1-Jan,left,16,Spain,,Is known - player U18
João Félix,/joao-felix/profil/spieler/462250,€50.00m,FC Barcelona,ESP,"Nov 10, 1999 (23)",Viseu,Portugal,"1,81 m",Second Striker,,31 / 5,right,23,Portugal,,Gestifute
Robert Lewandowski,/robert-lewandowski/profil/spieler/38253,€30.00m,FC Barcelona,ESP,"Aug 21, 1988 (35)",Warszawa,Poland,"1,85 m",Centre-Forward,,143 / 81,right,35,Poland,,
Jan Oblak,/jan-oblak/profil/spieler/121483,€35.00m,Atlético de Madrid,ESP,"Jan 7, 1993 (30)",Škofja Loka,Slovenia,"1,88 m",Goalkeeper,,56 / 0,right,30,Slovenia,,
Ivo Grbic,/ivo-grbic/profil/spieler/226073,€3.50m,Atlético de Madrid,ESP,"Jan 18, 1996 (27)",Split,Croatia,"1,95 m",Goalkeeper,Croatia,Feb-00,right,27,,,ROOF
José María Giménez,/jose-maria-gimenez/profil/spieler/250845,€35.00m,Atlético de Madrid,ESP,"Jan 20, 1995 (28)",Toledo,Uruguay,"1,85 m",Centre-Back,Uruguay,81 / 8,right,28,,,VIDA 11
Mario Hermoso,/mario-hermoso/profil/spieler/281769,€20.00m,Atlético de Madrid,ESP,"Jun 18, 1995 (28)",Madrid,Spain,"1,84 m",Centre-Back,,May-00,left,28,,Spain,
Caglar Söyüncü,/caglar-soyuncu/profil/spieler/320141,€15.00m,Atlético de Madrid,ESP,"May 23, 1996 (27)",Izmir,Turkey,"1,85 m",Centre-Back,,54 / 2,na,27,Turkey,,
Stefan Savic,/stefan-savic/profil/spieler/107010,€6.00m,Atlético de Madrid,ESP,"Jan 8, 1991 (32)",Mojkovac,Montenegro,"1,87 m",Centre-Back,,69 / 7,right,32,Montenegro,,
Reinildo Mandava,/reinildo-mandava/profil/spieler/240692,€25.00m,Atlético de Madrid,ESP,"Jan 21, 1994 (29)",Beira,Mozambique,"1,80 m",Left-Back,,35 / 2,left,29,,Mozambique,
Javi Galán,/javi-galan/profil/spieler/448628,€12.00m,Atlético de Madrid,ESP,"Nov 19, 1994 (28)",Badajoz,Spain,"1,72 m",Left-Back,,,left,28,,,
Nahuel Molina,/nahuel-molina/profil/spieler/424042,€35.00m,Atlético de Madrid,ESP,"Apr 6, 1998 (25)",Embalse,Argentina,"1,75 m",Right-Back,,31 / 1,right,25,Argentina,,
César Azpilicueta,/cesar-azpilicueta/profil/spieler/57500,€5.00m,Atlético de Madrid,ESP,"Aug 28, 1989 (34)",Pamplona,Spain,"1,78 m",Right-Back,,44 / 1,right,34,Spain,,
Axel Witsel,/axel-witsel/profil/spieler/35047,€5.00m,Atlético de Madrid,ESP,"Jan 12, 1989 (34)",Liège,Belgium,"1,86 m",Defensive Midfield,,130 / 12,right,34,,Belgium,
Rodrigo de Paul,/rodrigo-de-paul/profil/spieler/255901,€40.00m,Atlético de Madrid,ESP,"May 24, 1994 (29)",Sarandí,Argentina,"1,80 m",Central Midfield,,55 / 2,right,29,Argentina,,
Marcos Llorente,/marcos-llorente/profil/spieler/282411,€35.00m,Atlético de Madrid,ESP,"Jan 30, 1995 (28)",Madrid,Spain,"1,84 m",Central Midfield,Spain,18 / 0,right,28,,,
Koke,/koke/profil/spieler/74229,€16.00m,Atlético de Madrid,ESP,"Jan 8, 1992 (31)",Madrid,Spain,"1,76 m",Central Midfield,Spain,70 / 0,right,31,,,
Saúl Ñíguez,/saul-niguez/profil/spieler/148928,€10.00m,Atlético de Madrid,ESP,"Nov 21, 1994 (28)",Elche,Spain,"1,84 m",Central Midfield,,19 / 3,left,28,,Spain,CAA Stellar
Pablo Barrios,/pablo-barrios/profil/spieler/775605,€5.00m,Atlético de Madrid,ESP,"Jun 15, 2003 (20)",Madrid,Spain,"1,81 m",Central Midfield,,Feb-00,right,20,Spain U21,,CAA Stellar
Thomas Lemar,/thomas-lemar/profil/spieler/205562,€22.00m,Atlético de Madrid,ESP,"Nov 12, 1995 (27)",Baie-Mahault,France,"1,71 m",Attacking Midfield,,27 / 4,left,27,,France,Kemari
Samuel Lino,/samuel-lino/profil/spieler/694928,€16.00m,Atlético de Madrid,ESP,"Dec 23, 1999 (23)",Santo André,Brazil,"1,78 m",Left Winger,,,right,23,,,
Rodrigo Riquelme,/rodrigo-riquelme/profil/spieler/461617,€12.00m,Atlético de Madrid,ESP,"Apr 2, 2000 (23)",Madrid,Spain,"1,74 m",Left Winger,Spain U21,15 / 5,right,23,,,
Vitolo,/vitolo/profil/spieler/67082,€500k,Atlético de Madrid,ESP,"Nov 2, 1989 (33)",Las Palmas de Gran ...,Spain,"1,84 m",Left Winger,,4-Dec,right,33,,Spain,
Ángel Correa,/angel-correa/profil/spieler/266807,€30.00m,Atlético de Madrid,ESP,"Mar 9, 1995 (28)",Rosario,Argentina,"1,71 m",Right Winger,,23 / 3,right,28,Argentina,,
Antoine Griezmann,/antoine-griezmann/profil/spieler/125781,€25.00m,Atlético de Madrid,ESP,"Mar 21, 1991 (32)",Mâcon,France,"1,76 m",Centre-Forward,,122 / 43,left,32,France,,
Álvaro Morata,/alvaro-morata/profil/spieler/128223,€20.00m,Atlético de Madrid,ESP,"Oct 23, 1992 (30)",Madrid,Spain,"1,89 m",Centre-Forward,,65 / 33,right,30,Spain,,
Memphis Depay,/memphis-depay/profil/spieler/167850,€14.00m,Atlético de Madrid,ESP,"Feb 13, 1994 (29)",Moordrecht,Netherlands,"1,78 m",Centre-Forward,Netherlands,88 / 44,right,29,,,TEAM DEPAY
Álex Remiro,/alex-remiro/profil/spieler/212862,€25.00m,Real Sociedad,ESP,"Mar 24, 1995 (28)",Cascante,Spain,"1,91 m",Goalkeeper,,0 / 0,right,28,,Spain U21,
Unai Marrero,/unai-marrero/profil/spieler/625657,€250k,Real Sociedad,ESP,"Oct 9, 2001 (21)",Donostia-San ...,Spain,"1,89 m",Goalkeeper,,,right,21,,,
Robin Le Normand,/robin-le-normand/profil/spieler/351809,€35.00m,Real Sociedad,ESP,"Nov 11, 1996 (26)",Pabu,Spain,"1,87 m",Centre-Back,,Mar-00,right,26,Spain,,
Igor Zubeldia,/igor-zubeldia/profil/spieler/355628,€15.00m,Real Sociedad,ESP,"Mar 30, 1997 (26)",Azkoitia,Spain,"1,81 m",Centre-Back,,Apr-00,right,26,,Spain U21,
Aritz Elustondo,/aritz-elustondo/profil/spieler/229804,€14.00m,Real Sociedad,ESP,"Mar 28, 1994 (29)",Beasain,Spain,"1,82 m",Centre-Back,,Jan-00,right,29,,Spain U21,
Jon Pacheco,/jon-pacheco/profil/spieler/580560,€8.00m,Real Sociedad,ESP,"Jan 8, 2001 (22)",Elizondo,Spain,"1,84 m",Centre-Back,Spain U21,16 / 0,left,22,,,
Kieran Tierney,/kieran-tierney/profil/spieler/300716,€25.00m,Real Sociedad,ESP,"Jun 5, 1997 (26)",Douglas,Scotland,"1,80 m",Left-Back,,39 / 1,left,26,Scotland,,CAA Stellar
Aihen Muñoz,/aihen-munoz/profil/spieler/517842,€6.00m,Real Sociedad,ESP,"Aug 16, 1997 (26)",Etxauri,Spain,"1,75 m",Left-Back,,,left,26,,,
Hamari Traoré,/hamari-traore/profil/spieler/297070,€10.00m,Real Sociedad,ESP,"Jan 27, 1992 (31)",Bamako,Mali,"1,75 m",Right-Back,,47 / 1,right,31,Mali,,
Álvaro Odriozola,/alvaro-odriozola/profil/spieler/280730,€5.00m,Real Sociedad,ESP,"Dec 14, 1995 (27)",San Sebastián,Spain,"1,76 m",Right-Back,,1-Apr,right,27,,Spain,
Martín Zubimendi,/martin-zubimendi/profil/spieler/423440,€40.00m,Real Sociedad,ESP,"Feb 2, 1999 (24)",Donostia-San ...,Spain,"1,81 m",Defensive Midfield,,Feb-00,right,24,Spain,,
Urko González de Zarate,/urko-gonzalez-de-zarate/profil/spieler/625651,€700k,Real Sociedad,ESP,"Mar 20, 2001 (22)",Vitoria-Gasteiz,Spain,"1,89 m",Defensive Midfield,,Jan-00,right,22,,Spain U21,
Mikel Merino,/mikel-merino/profil/spieler/338424,€50.00m,Real Sociedad,ESP,"Jun 22, 1996 (27)",Pamplona,Spain,"1,89 m",Central Midfield,,16 / 0,left,27,Spain,,
Beñat Turrientes,/benat-turrientes/profil/spieler/634431,€2.00m,Real Sociedad,ESP,"Jan 31, 2002 (21)",Beasain,Spain,"1,81 m",Central Midfield,,3-Dec,right,21,Spain U21,,
Jon Ander Olasagasti,/jon-ander-olasagasti/profil/spieler/625660,€1.00m,Real Sociedad,ESP,"Aug 16, 2000 (23)",Donostia-San ...,Spain,"1,76 m",Central Midfield,,Jan-00,left,23,,Spain U21,
Brais Méndez,/brais-mendez/profil/spieler/309110,€25.00m,Real Sociedad,ESP,"Jan 7, 1997 (26)",Mos,Spain,"1,84 m",Attacking Midfield,,1-Apr,left,26,,Spain,InterStarDeporte
Arsen Zakharyan,/arsen-zakharyan/profil/spieler/555143,€15.00m,Real Sociedad,ESP,"May 26, 2003 (20)",Samara,Russia,"1,83 m",Attacking Midfield,Russia,Jul-00,right,20,,,
Pablo Marín,/pablo-marin/profil/spieler/907813,€1.00m,Real Sociedad,ESP,"Jul 3, 2003 (20)",Logroño,Spain,"1,78 m",Attacking Midfield,,Feb-00,right,20,,Spain U19,InterStarDeporte
Mikel Oyarzabal,/mikel-oyarzabal/profil/spieler/351478,€40.00m,Real Sociedad,ESP,"Apr 21, 1997 (26)",Eibar,Spain,"1,81 m",Left Winger,Spain,23 / 6,left,26,,,
Ander Barrenetxea,/ander-barrenetxea/profil/spieler/616369,€6.00m,Real Sociedad,ESP,"Dec 27, 2001 (21)",Donostia-San ...,Spain,"1,75 m",Left Winger,Spain U21,14 / 1,right,21,,,
Martín Merquelanz,/martin-merquelanz/profil/spieler/289272,€800k,Real Sociedad,ESP,"Jun 12, 1995 (28)",Irún,Spain,"1,76 m",Left Winger,,,left,28,,,
Takefusa Kubo,/takefusa-kubo/profil/spieler/405398,€25.00m,Real Sociedad,ESP,"Jun 4, 2001 (22)","Kawasaki, Kanagawa",Japan,"1,73 m",Right Winger,,26 / 2,left,22,Japan,,
Umar Sadiq,/umar-sadiq/profil/spieler/337715,€18.00m,Real Sociedad,ESP,"Feb 2, 1997 (26)",Kaduna,Nigeria,"1,91 m",Centre-Forward,,1-Jul,right,26,,Nigeria,
André Silva,/andre-silva/profil/spieler/198008,€15.00m,Real Sociedad,ESP,"Nov 6, 1995 (27)",Baguim do Monte,Portugal,"1,85 m",Centre-Forward,Portugal,53 / 19,right,27,,,Gestifute
Mohamed-Ali Cho,/mohamed-ali-cho/profil/spieler/670847,€12.00m,Real Sociedad,ESP,"Jan 19, 2004 (19)",Stains,France,"1,82 m",Centre-Forward,France U21,Jul-00,left,19,,,
Carlos Fernández,/carlos-fernandez/profil/spieler/216464,€3.00m,Real Sociedad,ESP,"May 22, 1996 (27)",Castilleja de ...,Spain,"1,85 m",Centre-Forward,,Mar-00,left,27,,Spain U21,
Marko Dmitrović,/marko-dmitrovi%C4%87/profil/spieler/94308,€4.00m,Sevilla FC,ESP,"Jan 24, 1992 (31)",Subotica,Serbia,"1,89 m",Goalkeeper,,19 / 0,left,31,,Serbia,
Ørjan Nyland,/orjan-nyland/profil/spieler/73517,€600k,Sevilla FC,ESP,"Sep 10, 1990 (33)",Volda,Norway,"1,92 m",Goalkeeper,,47 / 0,right,33,Norway,,
Alfonso Pastor,/alfonso-pastor/profil/spieler/537367,€250k,Sevilla FC,ESP,"Oct 4, 2000 (22)",Bujalance,Spain,"1,90 m",Goalkeeper,,Jan-00,right,22,,Spain U17,
Loïc Badé,/loic-bade/profil/spieler/730581,€12.00m,Sevilla FC,ESP,"Apr 11, 2000 (23)",Sèvres,France,"1,91 m",Centre-Back,France U21,Mar-00,right,23,,,
Tanguy Nianzou,/tanguy-nianzou/profil/spieler/538996,€7.50m,Sevilla FC,ESP,"Jun 7, 2002 (21)",Paris,France,"1,91 m",Centre-Back,France U21,Jan-00,right,21,,,VV Consulting
Marcão,/marcao/profil/spieler/439022,€7.50m,Sevilla FC,ESP,"Jun 5, 1996 (27)",Londrina (PR),Brazil,"1,85 m",Centre-Back,,,left,27,,,
Federico Gattoni,/federico-gattoni/profil/spieler/660735,€5.50m,Sevilla FC,ESP,"Feb 16, 1999 (24)",Buenos Aires,Argentina,"1,83 m",Centre-Back,,Feb-00,right,24,,Argentina U20,
Sergio Ramos,/sergio-ramos/profil/spieler/25557,€4.50m,Sevilla FC,ESP,"Mar 30, 1986 (37)",Camas,Spain,"1,84 m",Centre-Back,,180 / 23,right,37,,Spain,RR-Soccer ...
Nemanja Gudelj,/nemanja-gudelj/profil/spieler/74294,€4.00m,Sevilla FC,ESP,"Nov 16, 1991 (31)",Belgrade,Serbia,"1,87 m",Centre-Back,,56 / 1,right,31,Serbia,,
Kike Salas,/kike-salas/profil/spieler/766583,€1.00m,Sevilla FC,ESP,"Apr 23, 2002 (21)",Sevilla,Spain,"1,88 m",Centre-Back,,,left,21,,,
Marcos Acuña,/marcos-acuna/profil/spieler/60410,€10.00m,Sevilla FC,ESP,"Oct 28, 1991 (31)",Zapala,Argentina,"1,72 m",Left-Back,Argentina,53 / 0,left,31,,,
Adrià Pedrosa,/adria-pedrosa/profil/spieler/501418,€5.00m,Sevilla FC,ESP,"May 13, 1998 (25)",Barcelona,Spain,"1,72 m",Left-Back,,2-Sep,left,25,,Spain U21,
Jesús Navas,/jesus-navas/profil/spieler/15956,€3.00m,Sevilla FC,ESP,"Nov 21, 1985 (37)",Los Palacios y ...,Spain,"1,70 m",Right-Back,Spain,48 / 5,right,37,,,
Juanlu Sánchez,/juanlu-sanchez/profil/spieler/676042,€800k,Sevilla FC,ESP,"Aug 15, 2003 (20)",Montequinto,Spain,"1,86 m",Right-Back,,1-Oct,right,20,,Spain U19,
Boubakary Soumaré,/boubakary-soumare/profil/spieler/344605,€20.00m,Sevilla FC,ESP,"Feb 27, 1999 (24)",Noisy-le-Sec,France,"1,88 m",Defensive Midfield,,14 / 0,right,24,,France U21,
Fernando,/fernando/profil/spieler/51174,€3.00m,Sevilla FC,ESP,"Jul 25, 1987 (36)",Brasília,Brazil,"1,83 m",Defensive Midfield,,Mar-00,right,36,,Brazil U20,
Djibril Sow,/djibril-sow/profil/spieler/212723,€22.00m,Sevilla FC,ESP,"Feb 6, 1997 (26)",Zürich,Switzerland,"1,84 m",Central Midfield,,38 / 0,right,26,Switzerland,,
Joan Jordán,/joan-jordan/profil/spieler/263727,€9.00m,Sevilla FC,ESP,"Jul 6, 1994 (29)",Regencós,Spain,"1,85 m",Central Midfield,,,right,29,,,
Óliver Torres,/oliver-torres/profil/spieler/214775,€9.00m,Sevilla FC,ESP,"Nov 10, 1994 (28)",Navalmoral de la ...,Spain,"1,75 m",Central Midfield,,24 / 3,right,28,,Spain U21,
Ivan Rakitic,/ivan-rakitic/profil/spieler/32467,€4.00m,Sevilla FC,ESP,"Mar 10, 1988 (35)",Möhlin,Croatia,"1,84 m",Central Midfield,,106 / 15,right,35,,Croatia,
Lucas Ocampos,/lucas-ocampos/profil/spieler/189441,€12.00m,Sevilla FC,ESP,"Jul 11, 1994 (29)",Quilmes,Argentina,"1,87 m",Right Winger,Argentina,2-Nov,na,29,,,Interplayers
Dodi Lukébakio,/dodi-lukebakio/profil/spieler/303259,€12.00m,Sevilla FC,ESP,"Sep 24, 1997 (25)",Brussels,Belgium,"1,87 m",Right Winger,,Sep-00,left,25,Belgium,,
Erik Lamela,/erik-lamela/profil/spieler/111630,€9.00m,Sevilla FC,ESP,"Mar 4, 1992 (31)",Carapachay,Argentina,"1,84 m",Right Winger,,25 / 3,left,31,,Argentina,Interplayers
Suso,/suso/profil/spieler/111961,€6.00m,Sevilla FC,ESP,"Nov 19, 1993 (29)",Cádiz,Spain,"1,77 m",Right Winger,,May-00,left,29,,Spain,
Adnan Januzaj,/adnan-januzaj/profil/spieler/177847,€6.00m,Sevilla FC,ESP,"Feb 5, 1995 (28)",Brussel,Belgium,"1,86 m",Right Winger,,15 / 1,left,28,,Belgium,Rafaela Pimenta
Youssef En-Nesyri,/youssef-en-nesyri/profil/spieler/433049,€20.00m,Sevilla FC,ESP,"Jun 1, 1997 (26)",Fès,Morocco,"1,92 m",Centre-Forward,,61 / 17,left,26,Morocco,,
Rafa Mir,/rafa-mir/profil/spieler/361254,€10.00m,Sevilla FC,ESP,"Jun 18, 1997 (26)",Cartagena,Spain,"1,91 m",Centre-Forward,,Jan-00,right,26,,Spain U23,Gestifute
Mariano Díaz,/mariano-diaz/profil/spieler/225020,€2.50m,Sevilla FC,ESP,"Aug 1, 1993 (30)",Premià de Mar,Dominican Republic,"1,80 m",Centre-Forward,,1-Jan,right,30,,Dominican Rep.,
Filip Jörgensen,/filip-jorgensen/profil/spieler/585323,€1.50m,Villarreal CF,ESP,"Apr 16, 2002 (21)",Lomma,Denmark,"1,90 m",Goalkeeper,,Jun-00,right,21,Denmark U21,,
Pepe Reina,/pepe-reina/profil/spieler/7825,€700k,Villarreal CF,ESP,"Aug 31, 1982 (41)",Madrid,Spain,"1,88 m",Goalkeeper,,36 / 0,right,41,,Spain,
Matteo Gabbia,/matteo-gabbia/profil/spieler/323167,€5.00m,Villarreal CF,ESP,"Oct 21, 1999 (23)",Busto Arsizio,Italy,"1,85 m",Centre-Back,,Jul-00,right,23,,Italy U21,
Jorge Cuenca,/jorge-cuenca/profil/spieler/494880,€5.00m,Villarreal CF,ESP,"Nov 17, 1999 (23)",Madrid,Spain,"1,90 m",Centre-Back,,0 / 0,left,23,,Spain,InterStarDeporte
Aïssa Mandi,/aissa-mandi/profil/spieler/80293,€3.00m,Villarreal CF,ESP,"Oct 22, 1991 (31)",Châlons-en-Champagn...,Algeria,"1,84 m",Centre-Back,,82 / 4,right,31,Algeria,,
Raúl Albiol,/raul-albiol/profil/spieler/15452,€2.50m,Villarreal CF,ESP,"Sep 4, 1985 (38)",Vilamarxant,Spain,"1,90 m",Centre-Back,,58 / 0,right,38,,Spain,
Alfonso Pedraza,/alfonso-pedraza/profil/spieler/356197,€15.00m,Villarreal CF,ESP,"Apr 9, 1996 (27)",San Sebastián de ...,Spain,"1,84 m",Left-Back,,14 / 0,left,27,,Spain U21,
Alberto Moreno,/alberto-moreno/profil/spieler/207917,€3.00m,Villarreal CF,ESP,"Jul 5, 1992 (31)",Sevilla,Spain,"1,71 m",Left-Back,,Apr-00,left,31,,Spain,
Juan Foyth,/juan-foyth/profil/spieler/480763,€25.00m,Villarreal CF,ESP,"Jan 12, 1998 (25)",La Plata,Argentina,"1,87 m",Right-Back,,18 / 0,right,25,Argentina,,
Kiko Femenía,/kiko-femenia/profil/spieler/76467,€2.50m,Villarreal CF,ESP,"Feb 2, 1991 (32)",Sanet y Negrals,Spain,"1,74 m",Right-Back,,0 / 0,right,32,,Spain U21,
Ramón Terrats,/ramon-terrats/profil/spieler/783396,€4.00m,Villarreal CF,ESP,"Oct 18, 2000 (22)",Barcelona,Spain,"1,81 m",Defensive Midfield,,,left,22,,,
Étienne Capoue,/etienne-capoue/profil/spieler/63494,€3.00m,Villarreal CF,ESP,"Jul 11, 1988 (35)",Niort,France,"1,89 m",Defensive Midfield,,1-Jul,right,35,,France,
Francis Coquelin,/francis-coquelin/profil/spieler/74869,€3.00m,Villarreal CF,ESP,"May 13, 1991 (32)",Laval,France,"1,77 m",Defensive Midfield,,Jul-00,right,32,,France U21,
Santi Comesaña,/santi-comesana/profil/spieler/380598,€7.50m,Villarreal CF,ESP,"Oct 5, 1996 (26)",Vigo,Spain,"1,88 m",Central Midfield,,,na,26,,,
Dani Parejo,/dani-parejo/profil/spieler/59561,€6.00m,Villarreal CF,ESP,"Apr 16, 1989 (34)",Coslada,Spain,"1,82 m",Central Midfield,,Apr-00,right,34,,Spain,
Manu Trigueros,/manu-trigueros/profil/spieler/188854,€4.00m,Villarreal CF,ESP,"Oct 17, 1991 (31)",Talavera de la ...,Spain,"1,78 m",Central Midfield,,,right,31,,,
Álex Baena,/alex-baena/profil/spieler/548111,€20.00m,Villarreal CF,ESP,"Jul 20, 2001 (22)",Roquetas de Mar,Spain,"1,74 m",Attacking Midfield,,0 / 0,right,22,Spain,,CAA Stellar
Denis Suárez,/denis-suarez/profil/spieler/165007,€5.00m,Villarreal CF,ESP,"Jan 6, 1994 (29)",Salceda de Caselas,Spain,"1,76 m",Attacking Midfield,,Jan-00,right,29,,Spain,
Ben Brereton Díaz,/ben-brereton-diaz/profil/spieler/426192,€16.00m,Villarreal CF,ESP,"Apr 18, 1999 (24)",Stoke-on-Trent,Chile,"1,85 m",Left Winger,,21 / 7,right,24,Chile,,
Yéremy Pino,/yeremy-pino/profil/spieler/568157,€40.00m,Villarreal CF,ESP,"Oct 20, 2002 (20)",Las Palmas,Spain,"1,72 m",Right Winger,Spain,2-Nov,right,20,,,CAA Stellar
Ilias Akhomach,/ilias-akhomach/profil/spieler/709969,€3.00m,Villarreal CF,ESP,"Apr 16, 2004 (19)",Hostalets de Pierola,Spain,"1,75 m",Right Winger,,1-Jan,left,19,Spain U21,,
Gerard Moreno,/gerard-moreno/profil/spieler/177467,€20.00m,Villarreal CF,ESP,"Apr 7, 1992 (31)",Santa Perpètua de ...,Spain,"1,80 m",Centre-Forward,,17 / 5,left,31,,Spain,
Alexander Sørloth,/alexander-sorloth/profil/spieler/238407,€12.00m,Villarreal CF,ESP,"Dec 5, 1995 (27)",Trondheim,Norway,"1,95 m",Centre-Forward,Norway,49 / 16,left,27,,,
José Luis Morales,/jose-luis-morales/profil/spieler/252677,€3.00m,Villarreal CF,ESP,"Jul 23, 1987 (36)",Madrid,Spain,"1,80 m",Centre-Forward,,,right,36,,,
Rui Silva,/rui-silva/profil/spieler/234811,€15.00m,Real Betis Balompié,ESP,"Feb 7, 1994 (29)",Maia,Portugal,"1,91 m",Goalkeeper,,Jan-00,left,29,,Portugal,
Claudio Bravo,/claudio-bravo/profil/spieler/40423,€1.00m,Real Betis Balompié,ESP,"Apr 13, 1983 (40)",Viluco,Chile,"1,84 m",Goalkeeper,Chile,144 / 0,right,40,,,
Germán Pezzella,/german-pezzella/profil/spieler/113133,€5.00m,Real Betis Balompié,ESP,"Jun 27, 1991 (32)",Bahia Blanca,Argentina,"1,87 m",Centre-Back,,38 / 3,right,32,Argentina,,
Marc Bartra,/marc-bartra/profil/spieler/99922,€3.70m,Real Betis Balompié,ESP,"Jan 15, 1991 (32)",Sant Jaume dels ...,Spain,"1,84 m",Centre-Back,,14 / 1,right,32,,Spain,InterStarDeporte
Chadi Riad,/chadi-riad/profil/spieler/689637,€500k,Real Betis Balompié,ESP,"Jun 17, 2003 (20)",Palma de Mallorca,Morocco,"1,87 m",Centre-Back,,Feb-00,left,20,Morocco U23,,
Juan Miranda,/juan-miranda/profil/spieler/341227,€9.00m,Real Betis Balompié,ESP,"Jan 19, 2000 (23)",Olivares,Spain,"1,85 m",Left-Back,Spain U21,25 / 5,left,23,,,
Abner,/abner/profil/spieler/646402,€7.00m,Real Betis Balompié,ESP,"May 27, 2000 (23)",Presidente Prudente,Brazil,"1,81 m",Left-Back,,Feb-00,left,23,Brazil U23,,
Héctor Bellerín,/hector-bellerin/profil/spieler/191217,€8.00m,Real Betis Balompié,ESP,"Mar 19, 1995 (28)",Badalona,Spain,"1,78 m",Right-Back,,Apr-00,right,28,,Spain,
Youssouf Sabaly,/youssouf-sabaly/profil/spieler/135492,€5.00m,Real Betis Balompié,ESP,"Mar 5, 1993 (30)",Chesnay,Senegal,"1,73 m",Right-Back,,31 / 1,right,30,Senegal,,
Guido Rodríguez,/guido-rodriguez/profil/spieler/342385,€28.00m,Real Betis Balompié,ESP,"Apr 12, 1994 (29)",Sáenz Peña,Argentina,"1,85 m",Defensive Midfield,,29 / 1,right,29,Argentina,,Interplayers
William Carvalho,/william-carvalho/profil/spieler/100131,€14.00m,Real Betis Balompié,ESP,"Apr 7, 1992 (31)",Luanda,Portugal,"1,87 m",Defensive Midfield,Portugal,80 / 5,right,31,,,
Marc Roca,/marc-roca/profil/spieler/336869,€10.00m,Real Betis Balompié,ESP,"Nov 26, 1996 (26)",Vilafranca del ...,Spain,"1,84 m",Defensive Midfield,,2-Jul,left,26,,Spain U21,
Andrés Guardado,/andres-guardado/profil/spieler/20506,€1.50m,Real Betis Balompié,ESP,"Sep 28, 1986 (36)",Guadalajara,Mexico,"1,67 m",Central Midfield,,181 / 28,left,36,,Mexico,
Sergi Altimira,/sergi-altimira/profil/spieler/466801,€300k,Real Betis Balompié,ESP,"Aug 25, 2001 (22)",Cardedeu,Spain,"1,88 m",Central Midfield,,,right,22,,,VIDA 11
Nabil Fekir,/nabil-fekir/profil/spieler/203496,€20.00m,Real Betis Balompié,ESP,"Jul 18, 1993 (30)",Lyon,France,"1,73 m",Attacking Midfield,,25 / 2,left,30,,France,
Rodri Sánchez,/rodri-sanchez/profil/spieler/630995,€8.00m,Real Betis Balompié,ESP,"May 16, 2000 (23)",Talayuela,Spain,"1,75 m",Attacking Midfield,Spain U21,19 / 3,left,23,,,
Isco,/isco/profil/spieler/85288,€5.00m,Real Betis Balompié,ESP,"Apr 21, 1992 (31)",Benalmádena,Spain,"1,76 m",Attacking Midfield,,38 / 12,right,31,,Spain,Gestifute
Abde Ezzalzouli,/abde-ezzalzouli/profil/spieler/724520,€15.00m,Real Betis Balompié,ESP,"Dec 17, 2001 (21)",Beni Melal,Morocco,"1,77 m",Left Winger,,Jul-00,right,21,Morocco,,
Ayoze Pérez,/ayoze-perez/profil/spieler/246968,€6.00m,Real Betis Balompié,ESP,"Jul 29, 1993 (30)",Santa Cruz de ...,Spain,"1,78 m",Left Winger,,Feb-00,right,30,,Spain U21,BOIM FOOTBALL ...
Luiz Henrique,/luiz-henrique/profil/spieler/800175,€15.00m,Real Betis Balompié,ESP,"Jan 2, 2001 (22)",Petrópolis,Brazil,"1,82 m",Right Winger,,Jan-00,left,22,,Brazil U20,
Aitor Ruibal,/aitor-ruibal/profil/spieler/378139,€5.00m,Real Betis Balompié,ESP,"Mar 22, 1996 (27)",Sallent de Llobregat,Spain,"1,76 m",Right Winger,,,right,27,,,
Juan Cruz,/juan-cruz/profil/spieler/585700,€1.50m,Real Betis Balompié,ESP,"Apr 25, 2000 (23)",Quilmes,Spain,"1,80 m",Right Winger,,Jan-00,left,23,,Spain U18,
Borja Iglesias,/borja-iglesias/profil/spieler/278359,€20.00m,Real Betis Balompié,ESP,"Jan 17, 1993 (30)",Santiago de ...,Spain,"1,87 m",Centre-Forward,,Feb-00,right,30,,Spain,
Willian José,/willian-jose/profil/spieler/122155,€6.00m,Real Betis Balompié,ESP,"Nov 23, 1991 (31)",Porto Calvo,Brazil,"1,89 m",Centre-Forward,,0 / 0,right,31,,Brazil,
Unai Simón,/unai-simon/profil/spieler/262396,€25.00m,Athletic Bilbao,ESP,"Jun 11, 1997 (26)",Vitoria-Gasteiz,Spain,"1,90 m",Goalkeeper,,34 / 0,right,26,Spain,,CAA Stellar
Julen Agirrezabala,/julen-agirrezabala/profil/spieler/625014,€5.00m,Athletic Bilbao,ESP,"Dec 26, 2000 (22)",Donostia-San ...,Spain,"1,87 m",Goalkeeper,Spain U21,Aug-00,left,22,,,
Yeray Álvarez,/yeray-alvarez/profil/spieler/255488,€15.00m,Athletic Bilbao,ESP,"Jan 24, 1995 (28)",Barakaldo,Spain,"1,82 m",Centre-Back,,0 / 0,right,28,,Spain,
Dani Vivian,/dani-vivian/profil/spieler/524000,€14.00m,Athletic Bilbao,ESP,"Jul 5, 1999 (24)",Vitoria-Gasteiz,Spain,"1,84 m",Centre-Back,,0 / 0,right,24,,Spain U19,
Aitor Paredes,/aitor-paredes/profil/spieler/591916,€4.00m,Athletic Bilbao,ESP,"Apr 29, 2000 (23)",Bilbao,Spain,"1,85 m",Centre-Back,Spain U21,Aug-00,right,23,,,CAA Stellar
Yuri Berchiche,/yuri-berchiche/profil/spieler/61812,€2.00m,Athletic Bilbao,ESP,"Feb 10, 1990 (33)",Zarautz,Spain,"1,81 m",Left-Back,,,left,33,,,
Imanol García de Albéniz,/imanol-garcia-de-albeniz/profil/spieler/626954,€1.20m,Athletic Bilbao,ESP,"Jun 8, 2000 (23)",Gallarta,Spain,"1,77 m",Left-Back,,,left,23,,,
Iñigo Lekue,/inigo-lekue/profil/spieler/255501,€3.00m,Athletic Bilbao,ESP,"May 4, 1993 (30)",Bilbao,Spain,"1,80 m",Right-Back,,0 / 0,right,30,,Spain,
Óscar de Marcos,/oscar-de-marcos/profil/spieler/96718,€1.80m,Athletic Bilbao,ESP,"Apr 14, 1989 (34)",Laguardia,Spain,"1,82 m",Right-Back,,0 / 0,right,34,,Spain,
Mikel Vesga,/mikel-vesga/profil/spieler/300168,€6.00m,Athletic Bilbao,ESP,"Apr 8, 1993 (30)",Vitoria-Gasteiz,Spain,"1,91 m",Defensive Midfield,,,left,30,,,
Peru Nolaskoain,/peru-nolaskoain/profil/spieler/447052,€1.00m,Athletic Bilbao,ESP,"Oct 25, 1998 (24)",Zumaia,Spain,"1,86 m",Defensive Midfield,,Jan-00,right,24,,Spain U19,CAA Stellar
Iñigo Ruiz de Galarreta,/inigo-ruiz-de-galarreta/profil/spieler/126751,€3.00m,Athletic Bilbao,ESP,"Aug 6, 1993 (30)",Donostia-San ...,Spain,"1,75 m",Central Midfield,,Feb-00,right,30,,Spain U19,
Ander Herrera,/ander-herrera/profil/spieler/99343,€2.50m,Athletic Bilbao,ESP,"Aug 14, 1989 (34)",Bilbao,Spain,"1,82 m",Central Midfield,,Feb-00,right,34,,Spain,
Dani García,/dani-garcia/profil/spieler/178425,€2.00m,Athletic Bilbao,ESP,"May 24, 1990 (33)",Zumarraga,Spain,"1,79 m",Central Midfield,,,right,33,,,
Beñat Prados,/benat-prados/profil/spieler/625047,€600k,Athletic Bilbao,ESP,"Feb 8, 2001 (22)",Pamplona,Spain,"1,80 m",Central Midfield,,May-00,right,22,,Spain U20,CAA Stellar
Oihan Sancet,/oihan-sancet/profil/spieler/571020,€30.00m,Athletic Bilbao,ESP,"Apr 25, 2000 (23)",Pamplona,Spain,"1,88 m",Attacking Midfield,Spain U21,14 / 2,right,23,,,
Iker Muniain,/iker-muniain/profil/spieler/54235,€9.00m,Athletic Bilbao,ESP,"Dec 19, 1992 (30)",Pamplona,Spain,"1,69 m",Attacking Midfield,,Feb-00,right,30,,Spain,
Unai Gómez,/unai-gomez/profil/spieler/834752,€100k,Athletic Bilbao,ESP,"May 25, 2003 (20)",Bermeo,Spain,"1,83 m",Attacking Midfield,,,left,20,,,
Álex Berenguer,/alex-berenguer/profil/spieler/338425,€15.00m,Athletic Bilbao,ESP,"Jul 4, 1995 (28)",Barañain,Spain,"1,75 m",Left Winger,,,right,28,,,
Adu Ares,/adu-ares/profil/spieler/895480,€500k,Athletic Bilbao,ESP,"Oct 12, 2001 (21)",Bilbao,Spain,"1,83 m",Left Winger,,,right,21,,,
Nico Williams,/nico-williams/profil/spieler/709187,€30.00m,Athletic Bilbao,ESP,"Jul 12, 2002 (21)",Pamplona,Spain,"1,81 m",Right Winger,,2-Sep,right,21,Spain,,
Iñaki Williams,/inaki-williams/profil/spieler/255508,€25.00m,Athletic Bilbao,ESP,"Jun 15, 1994 (29)",Bilbao,Ghana,"1,86 m",Centre-Forward,,Aug-00,right,29,Ghana,,
Asier Villalibre,/asier-villalibre/profil/spieler/251897,€2.50m,Athletic Bilbao,ESP,"Sep 30, 1997 (25)",Gernika,Spain,"1,82 m",Centre-Forward,,Jan-00,left,25,,Spain U19,
Raúl García,/raul-garcia/profil/spieler/34601,€2.50m,Athletic Bilbao,ESP,"Jul 11, 1986 (37)",Zizur Mayor,Spain,"1,84 m",Centre-Forward,,Feb-00,right,37,,Spain,
Gorka Guruzeta,/gorka-guruzeta/profil/spieler/340205,€2.00m,Athletic Bilbao,ESP,"Sep 12, 1996 (26)",Donostia-San ...,Spain,"1,88 m",Centre-Forward,,,right,26,,,
Giorgi Mamardashvili,/giorgi-mamardashvili/profil/spieler/502676,€25.00m,Valencia CF,ESP,"Sep 29, 2000 (22)",Tiflis,Georgia,"1,97 m",Goalkeeper,,Oct-00,left,22,Georgia,,
Jaume Doménech,/jaume-domenech/profil/spieler/227805,€1.00m,Valencia CF,ESP,"Nov 5, 1990 (32)",Almenara,Spain,"1,85 m",Goalkeeper,,,right,32,,,
Cristian Rivero,/cristian-rivero/profil/spieler/398131,€200k,Valencia CF,ESP,"Mar 21, 1998 (25)",Gandia,Spain,"1,88 m",Goalkeeper,,,right,25,,,
Mouctar Diakhaby,/mouctar-diakhaby/profil/spieler/346289,€6.00m,Valencia CF,ESP,"Dec 19, 1996 (26)",Vendôme,Guinea,"1,92 m",Centre-Back,,1-Aug,right,26,Guinea,,VV Consulting
Cenk Özkacar,/cenk-ozkacar/profil/spieler/615350,€5.00m,Valencia CF,ESP,"Oct 6, 2000 (22)",Izmir,Turkey,"1,90 m",Centre-Back,,Apr-00,left,22,Turkey,,SEG
Gabriel Paulista,/gabriel-paulista/profil/spieler/149498,€2.50m,Valencia CF,ESP,"Nov 26, 1990 (32)",São Paulo,Brazil,"1,87 m",Centre-Back,,0 / 0,right,32,,Brazil,
Cristhian Mosquera,/cristhian-mosquera/profil/spieler/646750,€1.00m,Valencia CF,ESP,"Jun 27, 2004 (19)",Alicante,Spain,"1,91 m",Centre-Back,Spain U19,Aug-00,right,19,,,
José Gayà,/jose-gaya/profil/spieler/221322,€30.00m,Valencia CF,ESP,"May 25, 1995 (28)",Pedreguer,Spain,"1,72 m",Left-Back,,20 / 3,left,28,Spain,,
Jesús Vázquez,/jesus-vazquez/profil/spieler/623024,€3.00m,Valencia CF,ESP,"Jan 2, 2003 (20)",Mérida,Spain,"1,82 m",Left-Back,,Aug-00,left,20,,Spain U19,
Thierry Correia,/thierry-correia/profil/spieler/367466,€8.00m,Valencia CF,ESP,"Mar 9, 1999 (24)",Amadora,Portugal,"1,76 m",Right-Back,,Oct-00,right,24,,Portugal U21,Gestifute
Dimitri Foulquier,/dimitri-foulquier/profil/spieler/170472,€2.50m,Valencia CF,ESP,"Mar 23, 1993 (30)",Sarcelles,Guadeloupe,"1,83 m",Right-Back,,Feb-00,right,30,,Guadeloupe,
Hugo Guillamón,/hugo-guillamon/profil/spieler/495629,€14.00m,Valencia CF,ESP,"Jan 31, 2000 (23)",Donostia-San ...,Spain,"1,78 m",Defensive Midfield,Spain,1-Mar,right,23,,,InterStarDeporte
Pepelu,/pepelu/profil/spieler/328480,€3.00m,Valencia CF,ESP,"Aug 11, 1998 (25)",Dénia,Spain,"1,86 m",Defensive Midfield,,Mar-00,right,25,,Spain U21,
André Almeida,/andre-almeida/profil/spieler/375382,€20.00m,Valencia CF,ESP,"May 30, 2000 (23)",Guimarães,Portugal,"1,76 m",Central Midfield,Portugal U21,15 / 3,right,23,,,
Javi Guerra,/javi-guerra/profil/spieler/834764,€2.00m,Valencia CF,ESP,"May 13, 2003 (20)",Valencia,Spain,"1,87 m",Central Midfield,,Jan-00,right,20,Spain U21,,
Selim Amallah,/selim-amallah/profil/spieler/377219,€3.00m,Valencia CF,ESP,"Nov 15, 1996 (26)",Hautrage,Morocco,"1,85 m",Attacking Midfield,,31 / 4,right,26,Morocco,,CAA Stellar
Sergi Canós,/sergi-canos/profil/spieler/251845,€9.00m,Valencia CF,ESP,"Feb 2, 1997 (26)",Nules,Spain,"1,77 m",Right Winger,,Apr-00,right,26,,Spain U19,Gelu Rodríguez
Diego López,/diego-lopez/profil/spieler/617081,€1.50m,Valencia CF,ESP,"May 13, 2002 (21)",Turón,Spain,"1,72 m",Right Winger,,1-Jan,right,21,Spain U21,,Gelu Rodríguez
Fran Pérez,/fran-perez/profil/spieler/622988,€500k,Valencia CF,ESP,"Sep 9, 2002 (21)",Valencia,Spain,"1,76 m",Right Winger,,Jan-00,right,21,Spain U21,,
Roman Yaremchuk,/roman-yaremchuk/profil/spieler/221958,€5.00m,Valencia CF,ESP,"Nov 27, 1995 (27)",Lviv,Ukraine,"1,91 m",Centre-Forward,,44 / 13,right,27,Ukraine,,
Hugo Duro,/hugo-duro/profil/spieler/573775,€4.00m,Valencia CF,ESP,"Nov 10, 1999 (23)",Getafe,Spain,"1,82 m",Centre-Forward,,1-Jan,left,23,,Spain U21,
Alberto Marí,/alberto-mari/profil/spieler/634105,€800k,Valencia CF,ESP,"Jul 11, 2001 (22)",Alicante,Spain,"1,83 m",Centre-Forward,,,right,22,,,
Sergio Herrera,/sergio-herrera/profil/spieler/248738,€8.00m,CA Osasuna,ESP,"Jun 5, 1993 (30)",Miranda de Ebro,Spain,"1,92 m",Goalkeeper,,,right,30,,,
Aitor Fernández,/aitor-fernandez/profil/spieler/118997,€3.00m,CA Osasuna,ESP,"May 3, 1991 (32)",Arrasate,Spain,"1,82 m",Goalkeeper,,Mar-00,right,32,,Spain U20,
David García,/david-garcia/profil/spieler/298589,€20.00m,CA Osasuna,ESP,"Feb 14, 1994 (29)",Ibero,Spain,"1,86 m",Centre-Back,,Jan-00,na,29,Spain,,
Alejandro Catena,/alejandro-catena/profil/spieler/449796,€8.00m,CA Osasuna,ESP,"Oct 28, 1994 (28)",Móstoles,Spain,"1,94 m",Centre-Back,,,right,28,,,
Unai García,/unai-garcia/profil/spieler/197122,€2.50m,CA Osasuna,ESP,"Feb 3, 1992 (31)",Esquiroz,Spain,"1,86 m",Centre-Back,,,right,31,,,
Jorge Herrando,/jorge-herrando/profil/spieler/555500,€400k,CA Osasuna,ESP,"Feb 28, 2001 (22)",Pamplona,Spain,"1,92 m",Centre-Back,,Apr-00,left,22,,Spain U18,
Johan Mojica,/johan-mojica/profil/spieler/262939,€3.00m,CA Osasuna,ESP,"Aug 21, 1992 (31)",Santiago de Cali,Colombia,"1,85 m",Left-Back,,22 / 1,left,31,Colombia,,
Juan Cruz,/juan-cruz/profil/spieler/169497,€2.50m,CA Osasuna,ESP,"Jul 28, 1992 (31)",Madrid,Spain,"1,82 m",Left-Back,,,left,31,,,
Nacho Vidal,/nacho-vidal/profil/spieler/216870,€5.00m,CA Osasuna,ESP,"Jan 24, 1995 (28)",El Campello,Spain,"1,80 m",Right-Back,,Feb-00,right,28,,Spain U18,
Rubén Peña,/ruben-pena/profil/spieler/238868,€2.50m,CA Osasuna,ESP,"Jul 18, 1991 (32)",Ávila,Spain,"1,70 m",Right-Back,,,right,32,,,
Jesús Areso,/jesus-areso/profil/spieler/488626,€1.20m,CA Osasuna,ESP,"Jul 2, 1999 (24)",Cascante,Spain,"1,82 m",Right-Back,,Feb-00,right,24,,Spain U19,
Lucas Torró,/lucas-torro/profil/spieler/213670,€8.00m,CA Osasuna,ESP,"Jul 19, 1994 (29)",Cocentaina,Spain,"1,90 m",Defensive Midfield,,Mar-00,right,29,,Spain U19,
Iker Muñoz,/iker-munoz/profil/spieler/710677,€500k,CA Osasuna,ESP,"Sep 5, 2002 (21)",Villafranca,Spain,"1,80 m",Defensive Midfield,,,right,21,,,
Jon Moncayola,/jon-moncayola/profil/spieler/552425,€12.00m,CA Osasuna,ESP,"May 13, 1998 (25)",Garinoain,Spain,"1,82 m",Central Midfield,,Jan-00,right,25,,Spain U23,
Darko Brasanac,/darko-brasanac/profil/spieler/95641,€2.00m,CA Osasuna,ESP,"Feb 12, 1992 (31)",Čajetina,Serbia,"1,78 m",Central Midfield,,Mar-00,right,31,,Serbia,
Pablo Ibáñez,/pablo-ibanez/profil/spieler/785353,€1.50m,CA Osasuna,ESP,"Sep 20, 1998 (24)",Pamplona,Spain,"1,79 m",Central Midfield,,,right,24,,,
Aimar Oroz,/aimar-oroz/profil/spieler/634131,€15.00m,CA Osasuna,ESP,"Nov 27, 2001 (21)",Pamplona,Spain,"1,77 m",Attacking Midfield,Spain U21,3-Oct,right,21,,,
Moi Gómez,/moi-gomez/profil/spieler/175449,€10.00m,CA Osasuna,ESP,"Jun 23, 1994 (29)",Rojales,Spain,"1,76 m",Left Winger,,1-Mar,right,29,,Spain U21,InterStarDeporte
Rubén García,/ruben-garcia/profil/spieler/213260,€6.00m,CA Osasuna,ESP,"Jul 14, 1993 (30)",Xàtiva,Spain,"1,72 m",Left Winger,,Jan-00,left,30,,Spain U21,
José Manuel Arnáiz,/jose-manuel-arnaiz/profil/spieler/364603,€3.20m,CA Osasuna,ESP,"Apr 15, 1995 (28)",Talavera de la Reina,Spain,"1,73 m",Left Winger,,,right,28,,,RR-Soccer ...
Kike Barja,/kike-barja/profil/spieler/298575,€4.00m,CA Osasuna,ESP,"Apr 1, 1997 (26)",Noáin,Spain,"1,79 m",Right Winger,,0 / 0,right,26,,Spain U19,
Chimy Ávila,/chimy-avila/profil/spieler/167721,€9.00m,CA Osasuna,ESP,"Feb 6, 1994 (29)",Rosario,Argentina,"1,72 m",Centre-Forward,,,right,29,,,
Ante Budimir,/ante-budimir/profil/spieler/46413,€6.00m,CA Osasuna,ESP,"Jul 22, 1991 (32)",Zenica,Croatia,"1,90 m",Centre-Forward,Croatia,17 / 1,left,32,,,
Raúl García,/raul-garcia/profil/spieler/631002,€4.00m,CA Osasuna,ESP,"Nov 3, 2000 (22)",Olesa de Montserrat,Spain,"1,92 m",Centre-Forward,,,right,22,,,
Agustín Marchesín,/agustin-marchesin/profil/spieler/54534,€2.00m,Celta de Vigo,ESP,"Mar 16, 1988 (35)",San Cayetano,Argentina,"1,88 m",Goalkeeper,,Aug-00,right,35,,Argentina,
Iván Villar,/ivan-villar/profil/spieler/297194,€2.00m,Celta de Vigo,ESP,"Jul 9, 1997 (26)",Aldán,Spain,"1,86 m",Goalkeeper,,0 / 0,right,26,,Spain U23,
Vicente Guaita,/vicente-guaita/profil/spieler/64399,€1.00m,Celta de Vigo,ESP,"Jan 10, 1987 (36)",Torrent,Spain,"1,90 m",Goalkeeper,,,right,36,,,
Joseph Aidoo,/joseph-aidoo/profil/spieler/358250,€8.00m,Celta de Vigo,ESP,"Sep 29, 1995 (27)",Tema,Ghana,"1,81 m",Centre-Back,,14 / 0,right,27,Ghana,,
Carl Starfelt,/carl-starfelt/profil/spieler/258987,€6.50m,Celta de Vigo,ESP,"Jun 1, 1995 (28)",Stockholm,Sweden,"1,87 m",Centre-Back,,Jul-00,right,28,Sweden,,
Unai Núñez,/unai-nunez/profil/spieler/338285,€6.00m,Celta de Vigo,ESP,"Jan 30, 1997 (26)",Portugalete,Spain,"1,86 m",Centre-Back,,Jan-00,right,26,,Spain,
Carlos Domínguez,/carlos-dominguez/profil/spieler/636093,€800k,Celta de Vigo,ESP,"Feb 11, 2001 (22)",Vigo,Spain,"1,87 m",Centre-Back,,,left,22,,,InterStarDeporte
Manu Sánchez,/manu-sanchez/profil/spieler/618809,€10.00m,Celta de Vigo,ESP,"Aug 24, 2000 (23)",Madrid,Spain,"1,71 m",Left-Back,Spain U21,3-Oct,left,23,,,
Mihailo Ristic,/mihailo-ristic/profil/spieler/271455,€3.00m,Celta de Vigo,ESP,"Oct 31, 1995 (27)",Bijeljina,Serbia,"1,80 m",Left-Back,,Sep-00,left,27,,Serbia,
Óscar Mingueza,/oscar-mingueza/profil/spieler/331505,€2.50m,Celta de Vigo,ESP,"May 13, 1999 (24)",Santa Perpètua de ...,Spain,"1,84 m",Right-Back,,Jan-00,right,24,,Spain,
Kevin Vázquez,/kevin-vazquez/profil/spieler/221315,€1.00m,Celta de Vigo,ESP,"Mar 23, 1993 (30)",Nigrán,Spain,"1,75 m",Right-Back,,,right,30,,,
Renato Tapia,/renato-tapia/profil/spieler/277137,€6.00m,Celta de Vigo,ESP,"Jul 28, 1995 (28)",Lima,Peru,"1,85 m",Defensive Midfield,,80 / 5,right,28,Peru,,
Fran Beltrán,/fran-beltran/profil/spieler/423444,€15.00m,Celta de Vigo,ESP,"Feb 3, 1999 (24)",Madrid,Spain,"1,65 m",Central Midfield,,Jan-00,right,24,,Spain,InterStarDeporte
Luca de la Torre,/luca-de-la-torre/profil/spieler/315762,€3.00m,Celta de Vigo,ESP,"May 23, 1998 (25)","San Diego, ...",United States,"1,77 m",Central Midfield,,17 / 0,right,25,USA,,
Carlos Dotor,/carlos-dotor/profil/spieler/623524,€700k,Celta de Vigo,ESP,"Mar 15, 2001 (22)",Madrid,Spain,"1,80 m",Central Midfield,,,right,22,,,
Hugo Sotelo,/hugo-sotelo/profil/spieler/892221,€150k,Celta de Vigo,ESP,"Dec 19, 2003 (19)",Vigo,Spain,"1,80 m",Central Midfield,,,,19,,,
Williot Swedberg,/williot-swedberg/profil/spieler/764859,€3.00m,Celta de Vigo,ESP,"Feb 1, 2004 (19)",Stockholm,Sweden,"1,87 m",Attacking Midfield,,Jan-00,right,19,Sweden U21,,
Jonathan Bamba,/jonathan-bamba/profil/spieler/292818,€20.00m,Celta de Vigo,ESP,"Mar 26, 1996 (27)",Alfortville,Cote d'Ivoire,"1,75 m",Left Winger,,Jan-00,right,27,Ivory Coast,,
Franco Cervi,/franco-cervi/profil/spieler/341110,€3.00m,Celta de Vigo,ESP,"May 26, 1994 (29)",San Lorenzo,Argentina,"1,66 m",Left Winger,,1-Apr,left,29,,Argentina,
Carles Pérez,/carles-perez/profil/spieler/282810,€5.00m,Celta de Vigo,ESP,"Feb 16, 1998 (25)",Granollers,Spain,"1,73 m",Right Winger,,Feb-00,left,25,,Spain U21,
Miguel Rodríguez,/miguel-rodriguez/profil/spieler/634427,€1.00m,Celta de Vigo,ESP,"Apr 29, 2003 (20)",Redondela,Spain,"1,79 m",Right Winger,,3-May,left,20,,Spain U19,
Jörgen Strand Larsen,/jorgen-strand-larsen/profil/spieler/429983,€11.00m,Celta de Vigo,ESP,"Feb 6, 2000 (23)",Halden,Norway,"1,93 m",Centre-Forward,,1-Jul,right,23,Norway,,
Anastasios Douvikas,/anastasios-douvikas/profil/spieler/523318,€9.00m,Celta de Vigo,ESP,"Aug 2, 1999 (24)",Athens,Greece,"1,86 m",Centre-Forward,Greece,15 / 1,right,24,,,
Iago Aspas,/iago-aspas/profil/spieler/72047,€6.00m,Celta de Vigo,ESP,"Aug 1, 1987 (36)",Moaña,Spain,"1,76 m",Centre-Forward,Spain,20 / 6,left,36,,,
Paulo Gazzaniga,/paulo-gazzaniga/profil/spieler/195488,€3.00m,Girona FC,ESP,"Jan 2, 1992 (31)",Murphy,Argentina,"1,95 m",Goalkeeper,,Jan-00,right,31,,Argentina,
Juan Carlos,/juan-carlos/profil/spieler/120705,€300k,Girona FC,ESP,"Jan 20, 1988 (35)",Guadalajara,Spain,"1,87 m",Goalkeeper,,,,35,,,
Toni Fuidias,/toni-fuidias/profil/spieler/623526,€300k,Girona FC,ESP,"Apr 15, 2001 (22)",Berga,Spain,"1,95 m",Goalkeeper,,,right,22,,,
Eric García,/eric-garcia/profil/spieler/466794,€10.00m,Girona FC,ESP,"Jan 9, 2001 (22)",Barcelona,Spain,"1,82 m",Centre-Back,Spain,19 / 0,right,22,,,
David López,/david-lopez/profil/spieler/129444,€2.00m,Girona FC,ESP,"Oct 9, 1989 (33)",Barcelona,Spain,"1,85 m",Centre-Back,,,right,33,,,
Bernardo Espinosa,/bernardo-espinosa/profil/spieler/64598,€1.50m,Girona FC,ESP,"Jul 11, 1989 (34)",Santiago de Cali,Colombia,"1,92 m",Centre-Back,,0 / 0,right,34,,Colombia,
Juanpe,/juanpe/profil/spieler/115333,€1.50m,Girona FC,ESP,"Apr 30, 1991 (32)",Las Palmas de Gran ...,Spain,"1,90 m",Centre-Back,,,right,32,,,
Eric Monjonell,/eric-monjonell/profil/spieler/787154,€300k,Girona FC,ESP,"Dec 6, 2001 (21)",Barcelona,Spain,"1,87 m",Centre-Back,,,right,21,,,
Miguel Gutiérrez,/miguel-gutierrez/profil/spieler/525299,€10.00m,Girona FC,ESP,"Jul 27, 2001 (22)",Madrid,Spain,"1,80 m",Left-Back,Spain U21,Jan-00,left,22,,,
Daley Blind,/daley-blind/profil/spieler/12282,€3.00m,Girona FC,ESP,"Mar 9, 1990 (33)",Amsterdam,Netherlands,"1,80 m",Left-Back,,102 / 3,left,33,Netherlands,,SEG
Arnau Martínez,/arnau-martinez/profil/spieler/826224,€15.00m,Girona FC,ESP,"Apr 25, 2003 (20)",Premià de Dalt,Spain,"1,82 m",Right-Back,,Oct-00,right,20,Spain U21,,
Yan Couto,/yan-couto/profil/spieler/627228,€4.00m,Girona FC,ESP,"Jun 3, 2002 (21)",Curitiba,Brazil,"1,68 m",Right-Back,,0 / 0,right,21,,Brazil U20,CAA Stellar
Ibrahima Kébé,/ibrahima-kebe/profil/spieler/785967,€500k,Girona FC,ESP,"Aug 1, 2000 (23)",Bamako,Mali,"1,80 m",Defensive Midfield,,,right,23,,,
Aleix García,/aleix-garcia/profil/spieler/261504,€10.00m,Girona FC,ESP,"Jun 28, 1997 (26)",Ulldecona,Spain,"1,73 m",Central Midfield,,Jan-00,right,26,,Spain U21,
Yangel Herrera,/yangel-herrera/profil/spieler/378293,€5.00m,Girona FC,ESP,"Jan 7, 1998 (25)","La Guaira, Vargas",Venezuela,"1,84 m",Central Midfield,,28 / 3,right,25,Venezuela,,
Pablo Torre,/pablo-torre/profil/spieler/720038,€3.00m,Girona FC,ESP,"Apr 3, 2003 (20)",Soto de la Marina,Spain,"1,73 m",Central Midfield,,1-Feb,right,20,Spain U21,,
Jhon Solís,/jhon-solis/profil/spieler/742521,€700k,Girona FC,ESP,"Oct 3, 2004 (18)",Guacarí,Colombia,"1,86 m",Central Midfield,,Oct-00,right,18,Colombia U16,,
Iván Martín,/ivan-martin/profil/spieler/341278,€3.00m,Girona FC,ESP,"Feb 14, 1999 (24)",Bilbao,Spain,"1,78 m",Attacking Midfield,,1-Feb,left,24,,Spain U19,Universal Twenty Two
Borja García,/borja-garcia/profil/spieler/67808,€1.00m,Girona FC,ESP,"Nov 2, 1990 (32)",Torremocha de Jarama,Spain,"1,75 m",Attacking Midfield,,Feb-00,right,32,,Spain U19,
Toni Villa,/toni-villa/profil/spieler/337066,€2.50m,Girona FC,ESP,"Jan 7, 1995 (28)",Lorquí,Spain,"1,72 m",Left Winger,,,right,28,,,
Viktor Tsygankov,/viktor-tsygankov/profil/spieler/264372,€22.00m,Girona FC,ESP,"Nov 15, 1997 (25)",Nahariya,Ukraine,"1,78 m",Right Winger,,48 / 11,left,25,Ukraine,,SEG
Sávio,/savio/profil/spieler/743591,€5.00m,Girona FC,ESP,"Apr 10, 2004 (19)",São Mateus,Brazil,"1,76 m",Right Winger,,0 / 0,left,19,Brazil U20,,
Portu,/portu/profil/spieler/99353,€3.50m,Girona FC,ESP,"May 21, 1992 (31)",Beniel,Spain,"1,67 m",Right Winger,,Jan-00,right,31,,Spain U17,
Valery Fernández,/valery-fernandez/profil/spieler/331496,€1.50m,Girona FC,ESP,"Nov 23, 1999 (23)",L'Escala,Spain,"1,82 m",Right Winger,,0 / 0,right,23,,Spain U21,
Artem Dovbyk,/artem-dovbyk/profil/spieler/343537,€15.00m,Girona FC,ESP,"Jun 21, 1997 (26)",Cherkasy,Ukraine,"1,89 m",Centre-Forward,,19 / 6,left,26,Ukraine,,
Cristhian Stuani,/cristhian-stuani/profil/spieler/59323,€2.00m,Girona FC,ESP,"Oct 12, 1986 (36)",Tala,Uruguay,"1,84 m",Centre-Forward,,50 / 8,right,36,,Uruguay,
David Soria,/david-soria/profil/spieler/226012,€8.00m,Getafe CF,ESP,"Apr 4, 1993 (30)",Madrid,Spain,"1,92 m",Goalkeeper,,,right,30,,,
Daniel Fuzato,/daniel-fuzato/profil/spieler/438682,€1.00m,Getafe CF,ESP,"Jul 4, 1997 (26)",Santa Bárbara ...,Brazil,"1,90 m",Goalkeeper,,0 / 0,right,26,,Brazil,
Djené,/djene/profil/spieler/221150,€5.00m,Getafe CF,ESP,"Dec 31, 1991 (31)",Lome Dapaong,Togo,"1,78 m",Centre-Back,,72 / 0,right,31,Togo,,SPORTBACK
Gastón Álvarez,/gaston-alvarez/profil/spieler/577486,€5.00m,Getafe CF,ESP,"Mar 24, 2000 (23)",Melo,Uruguay,"1,84 m",Centre-Back,,0 / 0,left,23,,Uruguay U23,
Domingos Duarte,/domingos-duarte/profil/spieler/257376,€5.00m,Getafe CF,ESP,"Mar 10, 1995 (28)",Cascais,Portugal,"1,92 m",Centre-Back,,Mar-00,right,28,,Portugal,ROOF
Omar Alderete,/omar-alderete/profil/spieler/353032,€4.00m,Getafe CF,ESP,"Dec 26, 1996 (26)",Asunción,Paraguay,"1,88 m",Centre-Back,,Dec-00,left,26,Paraguay,,
Stefan Mitrovic,/stefan-mitrovic/profil/spieler/143029,€2.00m,Getafe CF,ESP,"May 22, 1990 (33)",Belgrade,Serbia,"1,89 m",Centre-Back,Serbia,36 / 0,na,33,,,
Diego Rico,/diego-rico/profil/spieler/249513,€3.00m,Getafe CF,ESP,"Feb 23, 1993 (30)",Burgos,Spain,"1,83 m",Left-Back,,,left,30,,,
Fabrizio Angileri,/fabrizio-angileri/profil/spieler/268506,€2.00m,Getafe CF,ESP,"Mar 15, 1994 (29)",Junín,Argentina,"1,85 m",Left-Back,,,left,29,,,
José Ángel Carmona,/jose-angel-carmona/profil/spieler/711625,€4.00m,Getafe CF,ESP,"Jan 29, 2002 (21)",El Viso del Alcor,Spain,"1,84 m",Right-Back,Spain U21,Jan-00,right,21,,,
Juan Iglesias,/juan-iglesias/profil/spieler/390688,€3.50m,Getafe CF,ESP,"Jul 3, 1998 (25)",Valladolid,Spain,"1,87 m",Right-Back,,,right,25,,,
Damián Suárez,/damian-suarez/profil/spieler/76746,€1.00m,Getafe CF,ESP,"Apr 27, 1988 (35)",Montevideo,Uruguay,"1,73 m",Right-Back,Uruguay,Jul-00,right,35,,,
Mauro Arambarri,/mauro-arambarri/profil/spieler/290249,€9.00m,Getafe CF,ESP,"Sep 30, 1995 (27)",Salto,Uruguay,"1,75 m",Central Midfield,,Dec-00,right,27,,Uruguay,
Carles Aleñá,/carles-alena/profil/spieler/284854,€9.00m,Getafe CF,ESP,"Jan 5, 1998 (25)",Mataró,Spain,"1,80 m",Central Midfield,,Mar-00,left,25,,Spain U21,
Nemanja Maksimovic,/nemanja-maksimovic/profil/spieler/273152,€6.00m,Getafe CF,ESP,"Jan 26, 1995 (28)",Banja Koviljača,Serbia,"1,84 m",Central Midfield,,45 / 0,right,28,Serbia,,
Luis Milla,/luis-milla/profil/spieler/281989,€4.00m,Getafe CF,ESP,"Oct 7, 1994 (28)",Madrid,Spain,"1,75 m",Central Midfield,,,right,28,,,
Óscar Rodríguez,/oscar-rodriguez/profil/spieler/284884,€8.00m,Getafe CF,ESP,"Jun 28, 1998 (25)",Talavera de la Reina,Spain,"1,74 m",Attacking Midfield,,Feb-00,right,25,,Spain,RR-Soccer ...
Mason Greenwood,/mason-greenwood/profil/spieler/532826,€5.00m,Getafe CF,ESP,"Oct 1, 2001 (21)",Bradford,England,"1,81 m",Right Winger,,Jan-00,na,21,,England,
Enes Ünal,/enes-unal/profil/spieler/251106,€25.00m,Getafe CF,ESP,"May 10, 1997 (26)",Bursa,Turkey,"1,87 m",Centre-Forward,Turkey,32 / 3,right,26,,,FutureBall
Borja Mayoral,/borja-mayoral/profil/spieler/298976,€9.00m,Getafe CF,ESP,"Apr 5, 1997 (26)",Parla,Spain,"1,82 m",Centre-Forward,,31 / 16,right,26,,Spain U21,
Juanmi Latasa,/juanmi-latasa/profil/spieler/623521,€3.00m,Getafe CF,ESP,"Mar 23, 2001 (22)",Madrid,Spain,"1,92 m",Centre-Forward,Spain U21,0 / 0,left,22,,,
Choco Lozano,/choco-lozano/profil/spieler/131275,€2.50m,Getafe CF,ESP,"Apr 25, 1993 (30)",Yoro,Honduras,"1,83 m",Centre-Forward,,40 / 9,right,30,Honduras,,
Jaime Mata,/jaime-mata/profil/spieler/227961,€1.20m,Getafe CF,ESP,"Oct 24, 1988 (34)",Madrid,Spain,"1,86 m",Centre-Forward,,Jan-00,right,34,,Spain,
Predrag Rajkovic,/predrag-rajkovic/profil/spieler/190263,€10.00m,RCD Mallorca,ESP,"Oct 31, 1995 (27)",Negotin,Serbia,"1,92 m",Goalkeeper,,29 / 0,right,27,Serbia,,Soccer Mondial AG
Dominik Greif,/dominik-greif/profil/spieler/316884,€1.50m,RCD Mallorca,ESP,"Apr 6, 1997 (26)",Bratislava,Slovakia,"1,97 m",Goalkeeper,,Apr-00,right,26,,Slovakia,
Iván Cuéllar,/ivan-cuellar/profil/spieler/27493,€100k,RCD Mallorca,ESP,"May 27, 1984 (39)",Mérida,Spain,"1,87 m",Goalkeeper,,Jan-00,left,39,,Spain U21,
Martin Valjent,/martin-valjent/profil/spieler/277384,€4.50m,RCD Mallorca,ESP,"Dec 11, 1995 (27)",Dubnica nad Váhom,Slovakia,"1,87 m",Centre-Back,,13 / 0,right,27,Slovakia,,
Siebe Van der Heyden,/siebe-van-der-heyden/profil/spieler/400131,€4.00m,RCD Mallorca,ESP,"May 30, 1998 (25)",Denderleeuw,Belgium,"1,85 m",Centre-Back,,Jan-00,left,25,,Belgium,
Antonio Raíllo,/antonio-raillo/profil/spieler/278296,€4.00m,RCD Mallorca,ESP,"Oct 8, 1991 (31)",Córdoba,Spain,"1,87 m",Centre-Back,,,,31,,,
José Copete,/jose-copete/profil/spieler/520840,€3.50m,RCD Mallorca,ESP,"Oct 10, 1999 (23)",Écija,Spain,"1,90 m",Centre-Back,,,left,23,,,
Matija Nastasic,/matija-nastasic/profil/spieler/143559,€1.50m,RCD Mallorca,ESP,"Mar 28, 1993 (30)",Valjevo,Serbia,"1,88 m",Centre-Back,,34 / 0,left,30,,Serbia,
Toni Lato,/toni-lato/profil/spieler/320271,€2.50m,RCD Mallorca,ESP,"Nov 21, 1997 (25)",La Pobla de Vallbona,Spain,"1,71 m",Left-Back,,May-00,left,25,,Spain U21,
Jaume Costa,/jaume-costa/profil/spieler/65318,€1.20m,RCD Mallorca,ESP,"Mar 18, 1988 (35)",Valencia,Spain,"1,71 m",Left-Back,,,left,35,,,
Pablo Maffeo,/pablo-maffeo/profil/spieler/251876,€8.00m,RCD Mallorca,ESP,"Jul 12, 1997 (26)",Sant Joan Despí,Spain,"1,72 m",Right-Back,,Apr-00,right,26,,Spain U21,
Giovanni González,/giovanni-gonzalez/profil/spieler/339699,€2.00m,RCD Mallorca,ESP,"Sep 20, 1994 (28)",Montevideo,Uruguay,"1,78 m",Right-Back,Uruguay,17 / 0,right,28,,,
Samú Costa,/samu-costa/profil/spieler/657430,€5.00m,RCD Mallorca,ESP,"Nov 27, 2000 (22)",Aveiro,Portugal,"1,85 m",Defensive Midfield,Portugal U21,1-Jul,left,22,,,Gestifute
Omar Mascarell,/omar-mascarell/profil/spieler/142031,€3.00m,RCD Mallorca,ESP,"Feb 2, 1993 (30)",Santa Cruz de ...,Spain,"1,81 m",Defensive Midfield,,0 / 0,right,30,,Spain U19,
Sergi Darder,/sergi-darder/profil/spieler/142021,€16.00m,RCD Mallorca,ESP,"Dec 22, 1993 (29)",Artà,Spain,"1,80 m",Central Midfield,,Apr-00,right,29,,Spain U21,
Manu Morlanes,/manu-morlanes/profil/spieler/335225,€4.00m,RCD Mallorca,ESP,"Jan 12, 1999 (24)",Zaragoza,Spain,"1,78 m",Central Midfield,,Jan-00,right,24,,Spain U21,
Antonio Sánchez,/antonio-sanchez/profil/spieler/513031,€2.50m,RCD Mallorca,ESP,"Apr 22, 1997 (26)",Palma de Mallorca,Spain,"1,79 m",Central Midfield,,,right,26,,,
Dani Rodríguez,/dani-rodriguez/profil/spieler/139435,€1.20m,RCD Mallorca,ESP,"Jun 6, 1988 (35)",Betanzos,Spain,"1,78 m",Attacking Midfield,,,right,35,,,
Amath Ndiaye,/amath-ndiaye/profil/spieler/339820,€2.00m,RCD Mallorca,ESP,"Jul 16, 1996 (27)",Dakar,Senegal,"1,73 m",Left Winger,,Apr-00,right,27,,Senegal,
Javi Llabrés,/javi-llabres/profil/spieler/706138,€300k,RCD Mallorca,ESP,"Sep 11, 2002 (21)",Binissalem,Spain,"1,74 m",Left Winger,,,na,21,,,InterStarDeporte
Vedat Muriqi,/vedat-muriqi/profil/spieler/256267,€15.00m,RCD Mallorca,ESP,"Apr 24, 1994 (29)",Prizren,Kosovo,"1,94 m",Centre-Forward,,46 / 24,left,29,Kosovo,,FutureBall
Cyle Larin,/cyle-larin/profil/spieler/343463,€8.00m,RCD Mallorca,ESP,"Apr 17, 1995 (28)","Brampton, Ontario",Canada,"1,88 m",Centre-Forward,Canada,62 / 28,right,28,,,Axia Sports ...
Abdón Prats,/abdon-prats/profil/spieler/177452,€1.20m,RCD Mallorca,ESP,"Dec 7, 1992 (30)",Artà,Spain,"1,81 m",Centre-Forward,,,left,30,,,
Luís Maximiano,/luis-maximiano/profil/spieler/367464,€6.00m,UD Almería,ESP,"Jan 5, 1999 (24)",Celeirós,Portugal,"1,90 m",Goalkeeper,,Feb-00,na,24,,Portugal U21,MRP.POSITIONUMBER
Fernando Martínez,/fernando-martinez/profil/spieler/81997,€2.00m,UD Almería,ESP,"Jun 10, 1990 (33)",Murcia,Spain,"1,83 m",Goalkeeper,,Jan-00,right,33,,Spain U19,
Diego Mariño,/diego-marino/profil/spieler/59349,€300k,UD Almería,ESP,"May 9, 1990 (33)",Vigo,Spain,"1,87 m",Goalkeeper,,Mar-00,right,33,,Spain U23,
Edgar González,/edgar-gonzalez/profil/spieler/401624,€9.00m,UD Almería,ESP,"Apr 1, 1997 (26)",Sant Joan Despí,Spain,"1,93 m",Centre-Back,,,right,26,,,InterStarDeporte
César Montes,/cesar-montes/profil/spieler/387687,€8.00m,UD Almería,ESP,"Feb 24, 1997 (26)",Hermosillo,Mexico,"1,95 m",Centre-Back,Mexico,39 / 1,right,26,,,Gelu Rodríguez
Kaiky,/kaiky/profil/spieler/743589,€3.00m,UD Almería,ESP,"Jan 12, 2004 (19)",Santos,Brazil,"1,81 m",Centre-Back,,Jan-00,right,19,Brazil U23,,
Chumi,/chumi/profil/spieler/333361,€2.00m,UD Almería,ESP,"Mar 2, 1999 (24)",Laracha,Spain,"1,85 m",Centre-Back,,0 / 0,right,24,,Spain U19,
Sergio Akieme,/sergio-akieme/profil/spieler/355627,€7.50m,UD Almería,ESP,"Dec 16, 1997 (25)",Madrid,Spain,"1,75 m",Left-Back,,Jan-00,left,25,,Spain U19,
Álex Centelles,/alex-centelles/profil/spieler/423443,€1.50m,UD Almería,ESP,"Aug 30, 1999 (24)",Valencia,Spain,"1,85 m",Left-Back,,Feb-00,left,24,,Spain U19,Team Raiola
Alejandro Pozo,/alejandro-pozo/profil/spieler/341272,€3.00m,UD Almería,ESP,"Feb 22, 1999 (24)",Huévar del Aljarafe,Spain,"1,73 m",Right-Back,,Jan-00,right,24,,Spain,
Houboulang Mendes,/houboulang-mendes/profil/spieler/442552,€2.00m,UD Almería,ESP,"May 4, 1998 (25)",Courcouronnes,Guinea-Bissau,"1,84 m",Right-Back,,0 / 0,right,25,Guinea-Bissau,,
Marc Pubill,/marc-pubill/profil/spieler/844637,€1.00m,UD Almería,ESP,"Jun 20, 2003 (20)",Terrassa,Spain,"1,90 m",Right-Back,,Feb-00,right,20,,Spain U19,
Dion Lopy,/dion-lopy/profil/spieler/649033,€4.00m,UD Almería,ESP,"Feb 2, 2002 (21)",Bambilor,Senegal,"1,86 m",Defensive Midfield,,Feb-00,right,21,Senegal,,
Lucas Robertone,/lucas-robertone/profil/spieler/457221,€7.00m,UD Almería,ESP,"Mar 18, 1997 (26)",Concordia,Argentina,"1,69 m",Central Midfield,,Feb-00,right,26,,Argentina U23,SP
Gonzalo Melero,/gonzalo-melero/profil/spieler/162056,€4.00m,UD Almería,ESP,"Jan 2, 1994 (29)",Madrid,Spain,"1,83 m",Central Midfield,,Mar-00,right,29,,Spain U17,
Iddrisu Baba,/iddrisu-baba/profil/spieler/442805,€3.00m,UD Almería,ESP,"Jan 22, 1996 (27)",Accra,Ghana,"1,82 m",Central Midfield,,20 / 0,right,27,Ghana,,
Arnau Puigmal,/arnau-puigmal/profil/spieler/536030,€2.00m,UD Almería,ESP,"Jan 10, 2001 (22)",Barcelona,Spain,"1,74 m",Central Midfield,,Mar-00,right,22,,Spain U19,
Sergio Arribas,/sergio-arribas/profil/spieler/537762,€5.00m,UD Almería,ESP,"Sep 30, 2001 (21)",Madrid,Spain,"1,74 m",Attacking Midfield,,,left,21,,,
Largie Ramazani,/largie-ramazani/profil/spieler/518644,€6.00m,UD Almería,ESP,"Feb 27, 2001 (22)",Berchem-Sainte-Agath...,Belgium,"1,67 m",Left Winger,Belgium U21,3-Aug,right,22,,,
Lázaro,/lazaro/profil/spieler/574772,€6.00m,UD Almería,ESP,"Mar 12, 2002 (21)",Belo Horizonte,Brazil,"1,81 m",Left Winger,,Jan-00,right,21,Brazil U23,,
Adrián Embarba,/adrian-embarba/profil/spieler/288318,€2.50m,UD Almería,ESP,"May 7, 1992 (31)",Madrid,Spain,"1,73 m",Right Winger,,,right,31,,,
Luis Suárez,/luis-suarez/profil/spieler/424784,€8.00m,UD Almería,ESP,"Dec 2, 1997 (25)",Santa Marta,Colombia,"1,80 m",Centre-Forward,,Apr-00,right,25,,Colombia,CAA Stellar
Ibrahima Koné,/ibrahima-kone/profil/spieler/490223,€4.00m,UD Almería,ESP,"Jun 16, 1999 (24)",Bamako,Mali,"1,90 m",Centre-Forward,Mali,16 / 12,left,24,,,
Léo Baptistão,/leo-baptistao/profil/spieler/221899,€1.80m,UD Almería,ESP,"Aug 26, 1992 (31)",Santos,Brazil,"1,85 m",Centre-Forward,,,right,31,,,
Marko Milovanovic,/marko-milovanovic/profil/spieler/845568,€1.00m,UD Almería,ESP,"Aug 4, 2003 (20)",Smederevo,Serbia,"1,94 m",Centre-Forward,,Feb-00,right,20,,Serbia U19,
Stole Dimitrievski,/stole-dimitrievski/profil/spieler/165467,€4.00m,Rayo Vallecano,ESP,"Dec 25, 1993 (29)",Kumanovo,North Macedonia,"1,88 m",Goalkeeper,,60 / 0,right,29,North Macedonia,,
Dani Cárdenas,/dani-cardenas/profil/spieler/397676,€2.00m,Rayo Vallecano,ESP,"Mar 28, 1997 (26)",Terrassa,Spain,"1,86 m",Goalkeeper,,,right,26,,,
Florian Lejeune,/florian-lejeune/profil/spieler/127108,€4.00m,Rayo Vallecano,ESP,"May 20, 1991 (32)",Paris,France,"1,90 m",Centre-Back,,1-Jul,right,32,,France U20,
Abdul Mumin,/abdul-mumin/profil/spieler/451801,€1.50m,Rayo Vallecano,ESP,"Jun 6, 1998 (25)",Accra,Ghana,"1,88 m",Centre-Back,,0 / 0,right,25,,Ghana,
Aridane Hernández,/aridane-hernandez/profil/spieler/82503,€1.00m,Rayo Vallecano,ESP,"Mar 23, 1989 (34)",Tuineje,Spain,"1,88 m",Centre-Back,,,right,34,,,
Martín Pascual,/martin-pascual/profil/spieler/638588,€300k,Rayo Vallecano,ESP,"Aug 4, 1999 (24)",Madrid,Spain,"1,90 m",Centre-Back,,,right,24,,,
Alfonso Espino,/alfonso-espino/profil/spieler/311044,€3.50m,Rayo Vallecano,ESP,"Jan 5, 1992 (31)",San Jacinto,Uruguay,"1,72 m",Left-Back,,0 / 0,left,31,,Uruguay,
Pep Chavarría,/pep-chavarria/profil/spieler/596122,€1.50m,Rayo Vallecano,ESP,"Apr 10, 1998 (25)",Figueres,Spain,"1,74 m",Left-Back,,,left,25,,,
Iván Balliu,/ivan-balliu/profil/spieler/85295,€4.00m,Rayo Vallecano,ESP,"Jan 1, 1992 (31)",Caldes de Malavella,Albania,"1,72 m",Right-Back,,Sep-00,right,31,Albania,,
Andrei Ratiu,/andrei-ratiu/profil/spieler/527966,€1.50m,Rayo Vallecano,ESP,"Jun 20, 1998 (25)",Aiud,Romania,"1,83 m",Right-Back,,1-Nov,right,25,Romania,,
Óscar Valentín,/oscar-valentin/profil/spieler/517753,€5.00m,Rayo Vallecano,ESP,"Aug 20, 1994 (29)",Ajofrín,Spain,"1,77 m",Central Midfield,,,right,29,,,
Kike Pérez,/kike-perez/profil/spieler/527698,€4.50m,Rayo Vallecano,ESP,"Feb 14, 1997 (26)",Toledo,Spain,"1,84 m",Central Midfield,,Feb-00,left,26,,Spain U19,
Unai López,/unai-lopez/profil/spieler/192009,€3.50m,Rayo Vallecano,ESP,"Oct 30, 1995 (27)",Donostia-San ...,Spain,"1,70 m",Central Midfield,,Feb-00,right,27,,Spain U21,
Pathé Ciss,/pathe-ciss/profil/spieler/525578,€3.00m,Rayo Vallecano,ESP,"Mar 16, 1994 (29)",Dakar,Senegal,"1,86 m",Central Midfield,,Aug-00,right,29,Senegal,,
Óscar Trejo,/oscar-trejo/profil/spieler/30321,€3.00m,Rayo Vallecano,ESP,"Apr 26, 1988 (35)",Santiago del Estero,Argentina,"1,80 m",Attacking Midfield,,,right,35,,,
Randy Nteka,/randy-nteka/profil/spieler/560483,€1.80m,Rayo Vallecano,ESP,"Dec 6, 1997 (25)",Paris,France,"1,89 m",Attacking Midfield,,,left,25,,,
José Pozo,/jose-pozo/profil/spieler/195605,€1.00m,Rayo Vallecano,ESP,"Mar 15, 1996 (27)",Málaga,Spain,"1,71 m",Attacking Midfield,,Jan-00,left,27,,Spain U21,
Álvaro García,/alvaro-garcia/profil/spieler/257062,€6.00m,Rayo Vallecano,ESP,"Oct 27, 1992 (30)",Utrera,Spain,"1,67 m",Left Winger,,,na,30,,,
Bebé,/bebe/profil/spieler/153427,€800k,Rayo Vallecano,ESP,"Jul 12, 1990 (33)",Lisboa,Cape Verde,"1,90 m",Left Winger,,4-Nov,right,33,Cape Verde,,
Isi Palazón,/isi-palazon/profil/spieler/362086,€12.00m,Rayo Vallecano,ESP,"Dec 27, 1994 (28)",Cieza,Spain,"1,69 m",Right Winger,,,left,28,,,
Jorge de Frutos,/jorge-de-frutos/profil/spieler/455181,€8.00m,Rayo Vallecano,ESP,"Feb 20, 1997 (26)",Navares de Enmedio,Spain,"1,73 m",Right Winger,,,right,26,,,
Sergio Camello,/sergio-camello/profil/spieler/505674,€10.00m,Rayo Vallecano,ESP,"Feb 10, 2001 (22)",Madrid,Spain,"1,77 m",Centre-Forward,Spain U21,14 / 0,right,22,,,
Raúl de Tomás,/raul-de-tomas/profil/spieler/162038,€8.00m,Rayo Vallecano,ESP,"Oct 17, 1994 (28)",Madrid,Spain,"1,80 m",Centre-Forward,,Apr-00,right,28,,Spain,
Radamel Falcao,/radamel-falcao/profil/spieler/39152,€2.00m,Rayo Vallecano,ESP,"Feb 10, 1986 (37)",Santa Marta,Colombia,"1,77 m",Centre-Forward,Colombia,105 / 36,right,37,,,
Conan Ledesma,/conan-ledesma/profil/spieler/284342,€8.00m,Cádiz CF,ESP,"Feb 13, 1993 (30)",Pergamino,Argentina,"1,86 m",Goalkeeper,,0 / 0,right,30,,Argentina,
David Gil,/david-gil/profil/spieler/162027,€700k,Cádiz CF,ESP,"Jan 11, 1994 (29)",Getafe,Spain,"1,86 m",Goalkeeper,,0 / 0,right,29,,Spain U18,
Fali,/fali/profil/spieler/252667,€2.50m,Cádiz CF,ESP,"Aug 12, 1993 (30)",Valencia,Spain,"1,86 m",Centre-Back,,,right,30,,,
Víctor Chust,/victor-chust/profil/spieler/495625,€2.50m,Cádiz CF,ESP,"Mar 5, 2000 (23)",Valencia,Spain,"1,84 m",Centre-Back,Spain U21,Jun-00,na,23,,,
Jorge Meré,/jorge-mere/profil/spieler/286779,€1.20m,Cádiz CF,ESP,"Apr 17, 1997 (26)",Oviedo,Spain,"1,82 m",Centre-Back,,0 / 0,right,26,,Spain,Gelu Rodríguez
Luis Hernández,/luis-hernandez/profil/spieler/62945,€1.00m,Cádiz CF,ESP,"Apr 14, 1989 (34)",Madrid,Spain,"1,82 m",Centre-Back,,Jan-00,right,34,,Spain U19,
Momo Mbaye,/momo-mbaye/profil/spieler/490421,€700k,Cádiz CF,ESP,"Jun 28, 1998 (25)",Saint-Louis,Senegal,"1,92 m",Centre-Back,,Jul-00,left,25,,Senegal U20,
Javi Hernández,/javi-hernandez/profil/spieler/422466,€2.50m,Cádiz CF,ESP,"May 2, 1998 (25)",Jerez de la Frontera,Spain,"1,85 m",Left-Back,,,left,25,,,
Lucas Pires,/lucas-pires/profil/spieler/927768,€1.50m,Cádiz CF,ESP,"Mar 24, 2001 (22)",São Paulo,Brazil,"1,82 m",Left-Back,,,left,22,,,
Joseba Zaldua,/joseba-zaldua/profil/spieler/197135,€2.50m,Cádiz CF,ESP,"Jun 24, 1992 (31)",Donostia-San ...,Spain,"1,74 m",Right-Back,,,right,31,,,
Iza Carcelén,/iza-carcelen/profil/spieler/254037,€1.50m,Cádiz CF,ESP,"Apr 23, 1993 (30)",El Puerto de Santa ...,Spain,"1,70 m",Right-Back,,,right,30,,,
José Mari,/jose-mari/profil/spieler/225462,€400k,Cádiz CF,ESP,"Dec 6, 1987 (35)",Rota (Cádiz),Spain,"1,82 m",Defensive Midfield,,,right,35,,,Proeleven S.A.
Rominigue Kouamé,/rominigue-kouame/profil/spieler/277635,€4.50m,Cádiz CF,ESP,"Dec 17, 1996 (26)",Lopou,Mali,"1,77 m",Central Midfield,,Oct-00,left,26,,Mali,ROGON
Rubén Alcaraz,/ruben-alcaraz/profil/spieler/247250,€2.00m,Cádiz CF,ESP,"May 1, 1991 (32)",Barcelona,Spain,"1,80 m",Central Midfield,,,right,32,,,
Gonzalo Escalante,/gonzalo-escalante/profil/spieler/266795,€2.00m,Cádiz CF,ESP,"Mar 27, 1993 (30)",Bella Vista,Argentina,"1,82 m",Central Midfield,,,right,30,,,
Fede San Emeterio,/fede-san-emeterio/profil/spieler/307519,€2.00m,Cádiz CF,ESP,"Mar 16, 1997 (26)",Sierra de Ibio,Spain,"1,76 m",Central Midfield,,0 / 0,right,26,,Spain U19,
Martín Calderón,/martin-calderon/profil/spieler/278404,€300k,Cádiz CF,ESP,"Mar 1, 1999 (24)",Jerez de la Frontera,Spain,"1,83 m",Central Midfield,,Mar-00,left,24,,Spain U19,
Álex Fernández,/alex-fernandez/profil/spieler/89733,€4.00m,Cádiz CF,ESP,"Oct 15, 1992 (30)",Alcalá de Henares,Spain,"1,83 m",Attacking Midfield,,Jan-00,right,30,,Spain U20,
Robert Navarro,/robert-navarro/profil/spieler/563137,€3.00m,Cádiz CF,ESP,"Apr 12, 2002 (21)",Barcelona,Spain,"1,78 m",Attacking Midfield,,3-Mar,right,21,,Spain U21,
Darwin Machís,/darwin-machis/profil/spieler/211251,€3.00m,Cádiz CF,ESP,"Feb 7, 1993 (30)",Tucupita,Venezuela,"1,71 m",Left Winger,,39 / 9,right,30,Venezuela,,
Brian Ocampo,/brian-ocampo/profil/spieler/598765,€2.00m,Cádiz CF,ESP,"Jun 25, 1999 (24)",Florida,Uruguay,"1,72 m",Left Winger,Uruguay,Jan-00,right,24,,,
Iván Alejo,/ivan-alejo/profil/spieler/281755,€1.20m,Cádiz CF,ESP,"Feb 10, 1995 (28)",Valladolid,Spain,"1,86 m",Right Winger,,Sep-00,right,28,,Spain U19,
Maxi Gómez,/maxi-gomez/profil/spieler/396894,€7.00m,Cádiz CF,ESP,"Aug 14, 1996 (27)",Paysandú,Uruguay,"1,86 m",Centre-Forward,,32 / 4,right,27,Uruguay,,
Rubén Sobrino,/ruben-sobrino/profil/spieler/85383,€2.00m,Cádiz CF,ESP,"Jun 1, 1992 (31)",Daimiel,Spain,"1,85 m",Centre-Forward,,May-00,right,31,,Spain U19,
Sergi Guardiola,/sergi-guardiola/profil/spieler/256429,€2.00m,Cádiz CF,ESP,"May 29, 1991 (32)",Manacor,Spain,"1,85 m",Centre-Forward,,,left,32,,,
Roger Martí,/roger-marti/profil/spieler/212391,€2.00m,Cádiz CF,ESP,"Jan 3, 1991 (32)",Torrent,Spain,"1,79 m",Centre-Forward,,,right,32,,,
Chris Ramos,/chris-ramos/profil/spieler/538810,€1.50m,Cádiz CF,ESP,"Jan 18, 1997 (26)",Cádiz,Spain,"1,90 m",Centre-Forward,,,right,26,,,
Álvaro Negredo,/alvaro-negredo/profil/spieler/18644,€1.00m,Cádiz CF,ESP,"Aug 20, 1985 (38)",Madrid,Spain,"1,86 m",Centre-Forward,,21 / 10,left,38,,Spain,
André Ferreira,/andre-ferreira/profil/spieler/290346,€800k,Granada CF,ESP,"May 29, 1996 (27)",Vila Nova de Gaia,Portugal,"1,93 m",Goalkeeper,,0 / 0,right,27,,Portugal U21,
Raúl Fernández,/raul-fernandez/profil/spieler/54217,€300k,Granada CF,ESP,"Mar 13, 1988 (35)",Bilbao,Spain,"1,95 m",Goalkeeper,,,right,35,,,
Jesús Vallejo,/jesus-vallejo/profil/spieler/251896,€2.00m,Granada CF,ESP,"Jan 5, 1997 (26)",Zaragoza,Spain,"1,84 m",Centre-Back,,0 / 0,right,26,,Spain,
Ignasi Miquel,/ignasi-miquel/profil/spieler/70245,€1.40m,Granada CF,ESP,"Sep 28, 1992 (30)",Corbera de Llobregat,Spain,"1,89 m",Centre-Back,,Jan-00,left,30,,Spain U21,
Miguel Rubio,/miguel-rubio/profil/spieler/583510,€1.20m,Granada CF,ESP,"Mar 11, 1998 (25)",Leganés,Spain,"1,91 m",Centre-Back,,,right,25,,,
Raúl Torrente,/raul-torrente/profil/spieler/631222,€1.00m,Granada CF,ESP,"Sep 11, 2001 (22)",Murcia,Spain,"1,93 m",Centre-Back,,Jan-00,left,22,,Spain U21,
Álvaro Fernandez,/alvaro-fernandez/profil/spieler/811778,€7.00m,Granada CF,ESP,"Mar 23, 2003 (20)",Ferrol,Spain,"1,86 m",Left-Back,,Jan-00,left,20,Spain U21,,
Carlos Neva,/carlos-neva/profil/spieler/448844,€2.00m,Granada CF,ESP,"Jun 12, 1996 (27)",El Puerto de Santa ...,Spain,"1,74 m",Left-Back,,,left,27,,,
Ricard Sánchez,/ricard-sanchez/profil/spieler/388545,€2.20m,Granada CF,ESP,"Feb 22, 2000 (23)",Sant Jaume dels ...,Spain,"1,75 m",Right-Back,Spain U21,Feb-00,right,23,,,
Wilson Manafá,/wilson-manafa/profil/spieler/257388,€2.00m,Granada CF,ESP,"Jul 23, 1994 (29)",Oliveira do Bairro,Portugal,"1,77 m",Right-Back,,0 / 0,right,29,,Portugal U20,
Víctor Díaz,/victor-diaz/profil/spieler/58330,€700k,Granada CF,ESP,"Jun 12, 1988 (35)",Sevilla,Spain,"1,83 m",Right-Back,,Jul-00,right,35,,Spain U19,
Gerard Gumbau,/gerard-gumbau/profil/spieler/268670,€3.50m,Granada CF,ESP,"Dec 18, 1994 (28)",Campllong,Spain,"1,88 m",Defensive Midfield,,,left,28,,,
Njegos Petrovic,/njegos-petrovic/profil/spieler/376588,€2.20m,Granada CF,ESP,"Jul 18, 1999 (24)",Krupanj,Serbia,"1,85 m",Defensive Midfield,,0 / 0,right,24,,Serbia B,VPA Sports
Gonzalo Villar,/gonzalo-villar/profil/spieler/398163,€2.80m,Granada CF,ESP,"Mar 23, 1998 (25)",Murcia,Spain,"1,81 m",Central Midfield,,Jan-00,right,25,,Spain,
Sergio Ruiz,/sergio-ruiz/profil/spieler/394694,€1.00m,Granada CF,ESP,"Dec 16, 1994 (28)",Astillero,Spain,"1,76 m",Central Midfield,,,right,28,,,
Óscar Melendo,/oscar-melendo/profil/spieler/448344,€2.00m,Granada CF,ESP,"Aug 23, 1997 (26)",Barcelona,Spain,"1,67 m",Attacking Midfield,,,left,26,,,
Myrto Uzuni,/myrto-uzuni/profil/spieler/315289,€9.00m,Granada CF,ESP,"May 31, 1995 (28)",Berat,Albania,"1,78 m",Left Winger,,33 / 5,right,28,Albania,,BFM
Bryan Zaragoza,/bryan-zaragoza/profil/spieler/713644,€1.50m,Granada CF,ESP,"Sep 9, 2001 (22)",Málaga,Spain,"1,64 m",Left Winger,,,right,22,,,
Alberto Perea,/alberto-perea/profil/spieler/99559,€1.00m,Granada CF,ESP,"Dec 19, 1990 (32)",Albacete,Spain,"1,75 m",Left Winger,,,right,32,,,
Antonio Puertas,/antonio-puertas/profil/spieler/262365,€4.00m,Granada CF,ESP,"Feb 21, 1992 (31)",Benahadux,Spain,"1,83 m",Right Winger,,,right,31,,,
José Callejón,/jose-callejon/profil/spieler/61253,€1.20m,Granada CF,ESP,"Feb 11, 1987 (36)",Motril,Spain,"1,78 m",Right Winger,,May-00,right,36,,Spain,
Lucas Boyé,/lucas-boye/profil/spieler/334222,€10.00m,Granada CF,ESP,"Feb 28, 1996 (27)",San Gregorio,Argentina,"1,83 m",Centre-Forward,,Jan-00,right,27,,Argentina,Universal Twenty Two
Shon Weissman,/shon-weissman/profil/spieler/247652,€4.00m,Granada CF,ESP,"Feb 14, 1996 (27)",Haifa,Israel,"1,74 m",Centre-Forward,,30 / 5,right,27,Israel,,
Famara Diédhiou,/famara-diedhiou/profil/spieler/237125,€1.50m,Granada CF,ESP,"Dec 15, 1992 (30)",Saint-Louis,Senegal,"1,89 m",Centre-Forward,Senegal,27 / 11,right,30,,,
Antonio Sivera,/antonio-sivera/profil/spieler/298197,€1.20m,Deportivo Alavés,ESP,"Aug 11, 1996 (27)",Xàbia,Spain,"1,85 m",Goalkeeper,,Oct-00,right,27,,Spain U21,
Jesús Owono,/jesus-owono/profil/spieler/631693,€200k,Deportivo Alavés,ESP,"Mar 1, 2001 (22)",Bata,Equatorial Guinea,"1,81 m",Goalkeeper,,21 / 0,,22,Equat. Guinea,,
Abdel Abqar,/abdel-abqar/profil/spieler/559979,€1.40m,Deportivo Alavés,ESP,"Mar 10, 1999 (24)",Settat,Morocco,"1,88 m",Centre-Back,,0 / 0,right,24,Morocco,,
Nikola Maras,/nikola-maras/profil/spieler/258475,€1.20m,Deportivo Alavés,ESP,"Dec 19, 1995 (27)",Belgrade,Serbia,"1,89 m",Centre-Back,,Feb-00,right,27,,Serbia,
Aleksandar Sedlar,/aleksandar-sedlar/profil/spieler/237499,€500k,Deportivo Alavés,ESP,"Dec 13, 1991 (31)",Novi Sad,Serbia,"1,80 m",Centre-Back,,Feb-00,right,31,,Serbia,
Rafa Marín,/rafa-marin/profil/spieler/662261,€500k,Deportivo Alavés,ESP,"May 19, 2002 (21)",Guadajoz,Spain,"1,91 m",Centre-Back,,Jan-00,right,21,Spain U21,,
Rubén Duarte,/ruben-duarte/profil/spieler/177046,€2.50m,Deportivo Alavés,ESP,"Oct 18, 1995 (27)",Almería,Spain,"1,79 m",Left-Back,,Sep-00,left,27,,Spain U21,
Javi López,/javi-lopez/profil/spieler/568158,€700k,Deportivo Alavés,ESP,"Mar 25, 2002 (21)",Santa Cruz de ...,Spain,"1,83 m",Left-Back,,0 / 0,left,21,,Spain U19,
Andoni Gorosabel,/andoni-gorosabel/profil/spieler/289255,€9.00m,Deportivo Alavés,ESP,"Aug 4, 1996 (27)",Arrasate,Spain,"1,74 m",Right-Back,,,right,27,,,
Álex Sola,/alex-sola/profil/spieler/434990,€3.00m,Deportivo Alavés,ESP,"Jun 9, 1999 (24)",Donostia-San ...,Spain,"1,78 m",Right-Back,,0 / 0,right,24,,Spain U17,
Nahuel Tenaglia,/nahuel-tenaglia/profil/spieler/533568,€3.00m,Deportivo Alavés,ESP,"Feb 21, 1996 (27)",Saladillo,Argentina,"1,81 m",Right-Back,,,right,27,,,Universal Twenty Two
Antonio Blanco,/antonio-blanco/profil/spieler/495621,€5.00m,Deportivo Alavés,ESP,"Jul 23, 2000 (23)",Montalbán,Spain,"1,76 m",Defensive Midfield,Spain U21,14 / 2,right,23,,,
Carlos Benavidez,/carlos-benavidez/profil/spieler/431190,€500k,Deportivo Alavés,ESP,"Mar 30, 1998 (25)",Montevideo,Uruguay,"1,85 m",Defensive Midfield,,May-00,right,25,Uruguay U23,,
Ander Guevara,/ander-guevara/profil/spieler/465967,€2.50m,Deportivo Alavés,ESP,"Jul 7, 1997 (26)",Vitoria-Gasteiz,Spain,"1,80 m",Central Midfield,,,right,26,,,
Jon Guridi,/jon-guridi/profil/spieler/289257,€1.60m,Deportivo Alavés,ESP,"Feb 28, 1995 (28)",Azpeitia,Spain,"1,79 m",Central Midfield,,,left,28,,,
Ianis Hagi,/ianis-hagi/profil/spieler/282076,€4.00m,Deportivo Alavés,ESP,"Oct 22, 1998 (24)",Istanbul,Romania,"1,82 m",Attacking Midfield,,26 / 2,na,24,Romania,,
Luis Rioja,/luis-rioja/profil/spieler/278837,€3.00m,Deportivo Alavés,ESP,"Oct 16, 1993 (29)",Sevilla,Spain,"1,76 m",Left Winger,,,left,29,,,
Abde Rebbach,/abde-rebbach/profil/spieler/718034,€500k,Deportivo Alavés,ESP,"Aug 11, 1998 (25)",Blida,Algeria,"1,76 m",Left Winger,,,right,25,,,
Xeber Alkain,/xeber-alkain/profil/spieler/572271,€1.60m,Deportivo Alavés,ESP,"Jun 26, 1997 (26)",Hondarribia,Spain,"1,74 m",Right Winger,,,right,26,,,
Jon Karrikaburu,/jon-karrikaburu/profil/spieler/711382,€5.00m,Deportivo Alavés,ESP,"Sep 19, 2002 (20)",Elizondo,Spain,"1,83 m",Centre-Forward,,Feb-00,right,20,,Spain U21,
Giuliano Simeone,/giuliano-simeone/profil/spieler/742201,€2.50m,Deportivo Alavés,ESP,"Dec 18, 2002 (20)",Roma,Argentina,"1,73 m",Centre-Forward,,,right,20,,,
Kike García,/kike-garcia/profil/spieler/93936,€1.80m,Deportivo Alavés,ESP,"Nov 25, 1989 (33)",Motilla de Palancar,Spain,"1,86 m",Centre-Forward,,0 / 0,right,33,,Spain U21,
Samu Omorodion,/samu-omorodion/profil/spieler/991268,€200k,Deportivo Alavés,ESP,"May 5, 2004 (19)",Melilla,Spain,"1,93 m",Centre-Forward,,0 / 0,right,19,Spain U21,,
Aarón Escandell,/aaron-escandell/profil/spieler/284430,€1.00m,UD Las Palmas,ESP,"Sep 27, 1995 (27)",Carcaixent,Spain,"1,85 m",Goalkeeper,,,right,27,,,
Álvaro Valles,/alvaro-valles/profil/spieler/417913,€1.00m,UD Las Palmas,ESP,"Jul 25, 1997 (26)",La Rinconada,Spain,"1,92 m",Goalkeeper,,,right,26,,,
Eric Curbelo,/eric-curbelo/profil/spieler/390823,€1.20m,UD Las Palmas,ESP,"Jan 14, 1994 (29)",Santa Brígida,Spain,"1,81 m",Centre-Back,,,right,29,,,
Mika Mármol,/mika-marmol/profil/spieler/617060,€1.20m,UD Las Palmas,ESP,"Jul 1, 2001 (22)",Terrassa,Spain,"1,82 m",Centre-Back,,May-00,left,22,,Spain U20,
Saúl Coco,/saul-coco/profil/spieler/588426,€1.00m,UD Las Palmas,ESP,"Feb 9, 1999 (24)",Lanzarote,Equatorial Guinea,"1,88 m",Centre-Back,Equat. Guinea,16 / 3,right,24,,,
Alex Suárez,/alex-suarez/profil/spieler/510396,€600k,UD Las Palmas,ESP,"Mar 18, 1993 (30)",Las Palmas de Gran ...,Spain,"1,80 m",Centre-Back,,,right,30,,,
Daley Sinkgraven,/daley-sinkgraven/profil/spieler/215099,€2.50m,UD Las Palmas,ESP,"Jul 4, 1995 (28)",Assen,Netherlands,"1,79 m",Left-Back,,May-00,left,28,,Netherlands U21,
Sergi Cardona,/sergi-cardona/profil/spieler/678406,€1.20m,UD Las Palmas,ESP,"Jul 8, 1999 (24)",Lloret de Mar,Spain,"1,85 m",Left-Back,,,na,24,,,
Julián Araujo,/julian-araujo/profil/spieler/513970,€3.50m,UD Las Palmas,ESP,"Aug 13, 2001 (22)","Lompoc, California",Mexico,"1,75 m",Right-Back,,Nov-00,right,22,Mexico,,
Álvaro Lemos,/alvaro-lemos/profil/spieler/230222,€800k,UD Las Palmas,ESP,"Mar 30, 1993 (30)",A Coruña,Spain,"1,75 m",Right-Back,,,right,30,,,
Máximo Perrone,/maximo-perrone/profil/spieler/668547,€10.00m,UD Las Palmas,ESP,"Jan 7, 2003 (20)",Buenos Aires,Argentina,"1,77 m",Defensive Midfield,,May-00,left,20,Argentina U20,,
Nuke Mfulu,/nuke-mfulu/profil/spieler/203516,€800k,UD Las Palmas,ESP,"Mar 20, 1994 (29)",Poissy,DR Congo,"1,83 m",Defensive Midfield,,Mar-00,right,29,DR Congo,,InterStarDeporte
Enzo Loiodice,/enzo-loiodice/profil/spieler/581781,€2.00m,UD Las Palmas,ESP,"Nov 27, 2000 (22)",Paris,France,"1,76 m",Central Midfield,,Jan-00,left,22,,France U21,
Javi Muñoz,/javi-munoz/profil/spieler/282421,€1.00m,UD Las Palmas,ESP,"Feb 28, 1995 (28)",Parla,Spain,"1,79 m",Central Midfield,,0 / 0,right,28,,Spain U19,
Fabio González,/fabio-gonzalez/profil/spieler/531062,€600k,UD Las Palmas,ESP,"Feb 12, 1997 (26)",Ingenio,Spain,"1,76 m",Central Midfield,,,right,26,,,
Alberto Moleiro,/alberto-moleiro/profil/spieler/733576,€5.00m,UD Las Palmas,ESP,"Sep 30, 2003 (19)",Santa Cruz de ...,Spain,"1,69 m",Attacking Midfield,Spain U21,Feb-00,right,19,,,BOIM FOOTBALL ...
Jonathan Viera,/jonathan-viera/profil/spieler/153238,€1.50m,UD Las Palmas,ESP,"Oct 21, 1989 (33)",Las Palmas de Gran ...,Spain,"1,71 m",Attacking Midfield,,Jan-00,right,33,,Spain,
Kirian Rodríguez,/kirian-rodriguez/profil/spieler/566574,€800k,UD Las Palmas,ESP,"Mar 5, 1996 (27)",Santa Cruz de ...,Spain,"1,80 m",Attacking Midfield,,,right,27,,,
Pejiño,/pejino/profil/spieler/534379,€1.80m,UD Las Palmas,ESP,"Jul 29, 1996 (27)",Barbate (Cádiz),Spain,"1,77 m",Left Winger,,,left,27,,,
Benito Ramírez,/benito-ramirez/profil/spieler/282672,€600k,UD Las Palmas,ESP,"Jul 11, 1995 (28)",La Aldea de San ...,Spain,"1,75 m",Left Winger,,,left,28,,,
Marvin Park,/marvin-park/profil/spieler/603940,€600k,UD Las Palmas,ESP,"Jul 3, 2000 (23)",Palma de Mallorca,Spain,"1,78 m",Right Winger,,Jan-00,right,23,,Spain U19,
Munir El Haddadi,/munir-el-haddadi/profil/spieler/223725,€3.50m,UD Las Palmas,ESP,"Sep 1, 1995 (28)",El Escorial,Morocco,"1,75 m",Centre-Forward,Morocco,2-Nov,left,28,,,
Sory Kaba,/sory-kaba/profil/spieler/355689,€2.80m,UD Las Palmas,ESP,"Jul 28, 1995 (28)",Conakry,Guinea,"1,90 m",Centre-Forward,,21 / 3,right,28,,Guinea,CAA Stellar
Sandro Ramírez,/sandro-ramirez/profil/spieler/199369,€2.00m,UD Las Palmas,ESP,"Jul 9, 1995 (28)",Las Palmas de Gran ...,Spain,"1,75 m",Centre-Forward,,1-Jul,right,28,,Spain U21,
Marc Cardona,/marc-cardona/profil/spieler/443222,€1.40m,UD Las Palmas,ESP,"Jul 8, 1995 (28)",Lleida,Spain,"1,82 m",Centre-Forward,,,right,28,,,
Cristian Herrera,/cristian-herrera/profil/spieler/237617,€600k,UD Las Palmas,ESP,"Mar 13, 1991 (32)",Las Palmas de Gran ...,Spain,"1,82 m",Centre-Forward,,,na,32,,,CAA Stellar
