name,url,value,club_name,country_league,dob_and_age,birth_place,citizenship,height,postion,current_international,caps/goals,foot,age,former_international,national_player,agent
Alex Meret,/alex-meret/profil/spieler/240414,€18.00m,SSC Napoli,ITA,"Mar 22, 1997 (26)",Udine,Italy,"1,90 m",Goalkeeper,Italy,Mar-00,left,26,,,
Pierluigi Gollini,/pierluigi-gollini/profil/spieler/244192,€4.50m,SSC Napoli,ITA,"Mar 18, 1995 (28)",Bologna,Italy,"1,94 m",Goalkeeper,,Jan-00,right,28,Italy,,
Nikita Contini,/nikita-contini/profil/spieler/250683,€500k,SSC Napoli,ITA,"May 21, 1996 (27)",Cherkasy,Italy,"1,90 m",Goalkeeper,,,right,27,,,
Hubert Idasiak,/hubert-idasiak/profil/spieler/555557,€150k,SSC Napoli,ITA,"Feb 3, 2002 (21)",Sławno,Poland,"1,88 m",Goalkeeper,,0 / 0,right,21,Poland U19,,
Amir Rrahmani,/amir-rrahmani/profil/spieler/257732,€25.00m,SSC Napoli,ITA,"Feb 24, 1994 (29)",Prishtinë,Kosovo,"1,92 m",Centre-Back,Kosovo,50 / 6,na,29,,,
Leo Østigård,/leo-ostigard/profil/spieler/367284,€7.00m,SSC Napoli,ITA,"Nov 28, 1999 (23)",Åndalsnes,Norway,"1,82 m",Centre-Back,Norway,13 / 1,right,23,,,
Natan,/natan/profil/spieler/735568,€5.50m,SSC Napoli,ITA,"Feb 6, 2001 (22)",Itapecerica da Serra,Brazil,"1,88 m",Centre-Back,,0 / 0,left,22,Brazil U20,,
Juan Jesus,/juan-jesus/profil/spieler/121985,€3.50m,SSC Napoli,ITA,"Jun 10, 1991 (32)",Belo Horizonte,Brazil,"1,85 m",Centre-Back,,Apr-00,left,32,Brazil,,
Mathías Olivera,/mathias-olivera/profil/spieler/376514,€18.00m,SSC Napoli,ITA,"Oct 31, 1997 (25)",Montevideo,Uruguay,"1,85 m",Left-Back,Uruguay,Dec-00,left,25,,,
Mário Rui,/mario-rui/profil/spieler/87884,€8.00m,SSC Napoli,ITA,"May 27, 1991 (32)",Sines,Portugal,"1,68 m",Left-Back,,Dec-00,left,32,,Portugal,
Giovanni Di Lorenzo,/giovanni-di-lorenzo/profil/spieler/169880,€25.00m,SSC Napoli,ITA,"Aug 4, 1993 (30)",Castelnuovo di ...,Italy,"1,83 m",Right-Back,Italy,28 / 3,right,30,,,
Alessandro Zanoli,/alessandro-zanoli/profil/spieler/397225,€6.00m,SSC Napoli,ITA,"Oct 3, 2000 (22)",Carpi,Italy,"1,88 m",Right-Back,,Feb-00,right,22,,Italy U21,
Stanislav Lobotka,/stanislav-lobotka/profil/spieler/192735,€40.00m,SSC Napoli,ITA,"Nov 25, 1994 (28)",Trenčín,Slovakia,"1,70 m",Defensive Midfield,Slovakia,45 / 3,na,28,,,FairSport
Diego Demme,/diego-demme/profil/spieler/82070,€3.00m,SSC Napoli,ITA,"Nov 21, 1991 (31)",Herford,Germany,"1,70 m",Defensive Midfield,,Jan-00,right,31,Germany,,
Frank Anguissa,/frank-anguissa/profil/spieler/354361,€40.00m,SSC Napoli,ITA,"Nov 16, 1995 (27)",Yaoundé,Cameroon,"1,84 m",Central Midfield,Cameroon,48 / 5,right,27,,,
Piotr Zielinski,/piotr-zielinski/profil/spieler/181136,€35.00m,SSC Napoli,ITA,"May 20, 1994 (29)",Ząbkowice Śląskie,Poland,"1,80 m",Central Midfield,Poland,82 / 10,na,29,,,
Eljif Elmas,/eljif-elmas/profil/spieler/400489,€26.00m,SSC Napoli,ITA,"Sep 24, 1999 (23)",Skopje,North Macedonia,"1,82 m",Central Midfield,North Macedonia,49 / 11,right,23,,,
Jens Cajuste,/jens-cajuste/profil/spieler/468066,€6.00m,SSC Napoli,ITA,"Aug 10, 1999 (24)",Göteborg,Sweden,"1,88 m",Central Midfield,Sweden,16 / 0,right,24,,,
Jesper Lindstrøm,/jesper-lindstrom/profil/spieler/513245,€28.00m,SSC Napoli,ITA,"Feb 29, 2000 (23)",Taastrup,Denmark,"1,82 m",Attacking Midfield,Denmark,1-Oct,right,23,,,
Gianluca Gaetano,/gianluca-gaetano/profil/spieler/358008,€4.50m,SSC Napoli,ITA,"May 5, 2000 (23)",Cimitile,Italy,"1,83 m",Attacking Midfield,,1-Mar,right,23,Italy U21,,
Khvicha Kvaratskhelia,/khvicha-kvaratskhelia/profil/spieler/502670,€85.00m,SSC Napoli,ITA,"Feb 12, 2001 (22)",Tiflis,Georgia,"1,83 m",Left Winger,Georgia,23 / 10,na,22,,,
Alessio Zerbin,/alessio-zerbin/profil/spieler/433584,€4.00m,SSC Napoli,ITA,"Mar 3, 1999 (24)",Novara,Italy,"1,82 m",Left Winger,,Jan-00,right,24,,Italy,
Matteo Politano,/matteo-politano/profil/spieler/165895,€15.00m,SSC Napoli,ITA,"Aug 3, 1993 (30)",Roma,Italy,"1,71 m",Right Winger,Italy,3-Oct,left,30,,,
Giacomo Raspadori,/giacomo-raspadori/profil/spieler/405885,€35.00m,SSC Napoli,ITA,"Feb 18, 2000 (23)",Bentivoglio,Italy,"1,72 m",Second Striker,Italy,18 / 5,na,23,,,
Victor Osimhen,/victor-osimhen/profil/spieler/401923,€120.00m,SSC Napoli,ITA,"Dec 29, 1998 (24)",Lagos,Nigeria,"1,86 m",Centre-Forward,Nigeria,25 / 17,right,24,,,
Giovanni Simeone,/giovanni-simeone/profil/spieler/282388,€15.00m,SSC Napoli,ITA,"Jul 5, 1995 (28)",Buenos Aires,Argentina,"1,80 m",Centre-Forward,,1-Jun,right,28,,Argentina,
Mike Maignan,/mike-maignan/profil/spieler/182906,€45.00m,AC Milan,ITA,"Jul 3, 1995 (28)",Cayenne,France,"1,91 m",Goalkeeper,France,Sep-00,right,28,,,
Marco Sportiello,/marco-sportiello/profil/spieler/199976,€1.50m,AC Milan,ITA,"May 10, 1992 (31)",Desio,Italy,"1,92 m",Goalkeeper,,0 / 0,right,31,Italy U21,,
Lapo Nava,/lapo-nava/profil/spieler/815563,€150k,AC Milan,ITA,"Jan 22, 2004 (19)",Milano,Italy,,Goalkeeper,,,right,19,,,
Antonio Mirante,/antonio-mirante/profil/spieler/22141,€100k,AC Milan,ITA,"Jul 8, 1983 (40)",Castellammare di ...,Italy,"1,93 m",Goalkeeper,,0 / 0,right,40,Italy,,GG11
Fikayo Tomori,/fikayo-tomori/profil/spieler/303254,€40.00m,AC Milan,ITA,"Dec 19, 1997 (25)","Calgary, Alberta",England,"1,85 m",Centre-Back,England,Mar-00,right,25,,,
Pierre Kalulu,/pierre-kalulu/profil/spieler/585949,€30.00m,AC Milan,ITA,"Jun 5, 2000 (23)",Lyon,France,"1,82 m",Centre-Back,,15 / 2,right,23,,France U21,CAA Stellar
Malick Thiaw,/malick-thiaw/profil/spieler/521964,€20.00m,AC Milan,ITA,"Aug 8, 2001 (22)",Düsseldorf,Germany,"1,94 m",Centre-Back,Germany,Feb-00,right,22,,,Unique Sports Group
Simon Kjaer,/simon-kjaer/profil/spieler/48859,€3.50m,AC Milan,ITA,"Mar 26, 1989 (34)",Horsens,Denmark,"1,91 m",Centre-Back,Denmark,125 / 5,right,34,,,
Mattia Caldara,/mattia-caldara/profil/spieler/197470,€2.00m,AC Milan,ITA,"May 5, 1994 (29)",Bergamo,Italy,"1,87 m",Centre-Back,,Feb-00,right,29,Italy,,
Marco Pellegrino,/marco-pellegrino/profil/spieler/776303,€400k,AC Milan,ITA,"Jul 18, 2002 (21)",Buenos Aires,Argentina,"1,84 m",Centre-Back,,,left,21,,,
Theo Hernández,/theo-hernandez/profil/spieler/339808,€60.00m,AC Milan,ITA,"Oct 6, 1997 (25)",Marseille,France,"1,84 m",Left-Back,France,18 / 2,left,25,,,
Davide Calabria,/davide-calabria/profil/spieler/262523,€20.00m,AC Milan,ITA,"Dec 6, 1996 (26)",Brescia,Italy,"1,76 m",Right-Back,,Jul-00,right,26,Italy,,
Alessandro Florenzi,/alessandro-florenzi/profil/spieler/130365,€2.00m,AC Milan,ITA,"Mar 11, 1991 (32)",Roma,Italy,"1,73 m",Right-Back,,49 / 2,right,32,Italy,,
Ismaël Bennacer,/ismael-bennacer/profil/spieler/351816,€40.00m,AC Milan,ITA,"Dec 1, 1997 (25)",Arles,Algeria,"1,75 m",Defensive Midfield,,46 / 2,left,25,,Algeria,Team Raiola
Ruben Loftus-Cheek,/ruben-loftus-cheek/profil/spieler/202886,€25.00m,AC Milan,ITA,"Jan 23, 1996 (27)",London,England,"1,91 m",Central Midfield,,Oct-00,right,27,England,,CAA Stellar
Yunus Musah,/yunus-musah/profil/spieler/503991,€18.00m,AC Milan,ITA,"Nov 29, 2002 (20)","New York City, New ...",United States,"1,78 m",Central Midfield,USA,28 / 0,right,20,,,
Tijjani Reijnders,/tijjani-reijnders/profil/spieler/460939,€14.00m,AC Milan,ITA,"Jul 29, 1998 (25)",Zwolle,Netherlands,"1,85 m",Central Midfield,Netherlands,Jan-00,right,25,,,
Tommaso Pobega,/tommaso-pobega/profil/spieler/392538,€14.00m,AC Milan,ITA,"Jul 15, 1999 (24)",Trieste,Italy,"1,88 m",Central Midfield,,Mar-00,na,24,,Italy,
Rade Krunic,/rade-krunic/profil/spieler/259953,€10.00m,AC Milan,ITA,"Oct 7, 1993 (29)",Foča,Bosnia-Herzegovina,"1,84 m",Central Midfield,Bosnia,30 / 4,right,29,,,
Yacine Adli,/yacine-adli/profil/spieler/395236,€8.00m,AC Milan,ITA,"Jul 29, 2000 (23)",Vitry-sur-Seine,France,"1,86 m",Attacking Midfield,,1-May,right,23,France U20,,
Rafael Leão,/rafael-leao/profil/spieler/357164,€90.00m,AC Milan,ITA,"Jun 10, 1999 (24)",Almada,Portugal,"1,88 m",Left Winger,Portugal,20 / 3,right,24,,,
Chaka Traorè,/chaka-traore/profil/spieler/700998,€500k,AC Milan,ITA,"Dec 23, 2004 (18)",Attecoube,Cote d'Ivoire,"1,75 m",Left Winger,,0 / 0,right,18,Ivory Coast U23,,
Christian Pulisic,/christian-pulisic/profil/spieler/315779,€25.00m,AC Milan,ITA,"Sep 18, 1998 (24)","Hershey, ...",United States,"1,77 m",Right Winger,USA,61 / 26,right,24,,,
Samuel Chukwueze,/samuel-chukwueze/profil/spieler/401922,€25.00m,AC Milan,ITA,"May 22, 1999 (24)",Umahaia,Nigeria,"1,72 m",Right Winger,Nigeria,28 / 4,left,24,,,
Luka Romero,/luka-romero/profil/spieler/769063,€3.00m,AC Milan,ITA,"Nov 18, 2004 (18)",Victoria de Durango,Argentina,"1,65 m",Right Winger,Argentina U20,Feb-00,left,18,,,
Noah Okafor,/noah-okafor/profil/spieler/346890,€20.00m,AC Milan,ITA,"May 24, 2000 (23)",Binningen,Switzerland,"1,85 m",Centre-Forward,Switzerland,14 / 2,right,23,,,Sports360 GmbH
Luka Jovic,/luka-jovic/profil/spieler/257462,€8.00m,AC Milan,ITA,"Dec 23, 1997 (25)",Bijeljina,Serbia,"1,82 m",Centre-Forward,Serbia,31 / 10,na,25,,,
Olivier Giroud,/olivier-giroud/profil/spieler/82442,€4.00m,AC Milan,ITA,"Sep 30, 1986 (36)",Chambéry,France,"1,92 m",Centre-Forward,France,125 / 54,left,36,,,
Emil Audero,/emil-audero/profil/spieler/256339,€6.00m,Inter Milan,ITA,"Jan 18, 1997 (26)",Mataram,Italy,"1,92 m",Goalkeeper,,Oct-00,right,26,Italy U21,,
Yann Sommer,/yann-sommer/profil/spieler/42205,€5.00m,Inter Milan,ITA,"Dec 17, 1988 (34)",Morges,Switzerland,"1,83 m",Goalkeeper,Switzerland,83 / 0,right,34,,,
Raffaele Di Gennaro,/raffaele-di-gennaro/profil/spieler/70580,€350k,Inter Milan,ITA,"Oct 3, 1993 (29)",Saronno,Italy,"1,88 m",Goalkeeper,,Mar-00,right,29,Italy U20,,
Alessandro Bastoni,/alessandro-bastoni/profil/spieler/315853,€60.00m,Inter Milan,ITA,"Apr 13, 1999 (24)",Casalmaggiore,Italy,"1,90 m",Centre-Back,Italy,17 / 1,left,24,,,
Benjamin Pavard,/benjamin-pavard/profil/spieler/353366,€40.00m,Inter Milan,ITA,"Mar 28, 1996 (27)",Maubeuge,France,"1,86 m",Centre-Back,France,50 / 3,right,27,,,
Stefan de Vrij,/stefan-de-vrij/profil/spieler/111196,€8.00m,Inter Milan,ITA,"Feb 5, 1992 (31)",Ouderkerk aan den ...,Netherlands,"1,89 m",Centre-Back,Netherlands,60 / 3,right,31,,,
Yann Bisseck,/yann-bisseck/profil/spieler/441986,€5.00m,Inter Milan,ITA,"Nov 29, 2000 (22)",Köln,Germany,"1,96 m",Centre-Back,,1-Aug,right,22,,Germany U21,
Francesco Acerbi,/francesco-acerbi/profil/spieler/131075,€4.00m,Inter Milan,ITA,"Feb 10, 1988 (35)",Vizzolo Predabissi,Italy,"1,92 m",Centre-Back,,31 / 1,left,35,,Italy,
Federico Dimarco,/federico-dimarco/profil/spieler/198116,€35.00m,Inter Milan,ITA,"Nov 10, 1997 (25)",Milano,Italy,"1,75 m",Left-Back,Italy,2-Oct,left,25,,,
Matteo Darmian,/matteo-darmian/profil/spieler/54906,€4.00m,Inter Milan,ITA,"Dec 2, 1989 (33)",Legnano,Italy,"1,83 m",Right-Back,Italy,38 / 1,right,33,,,
Kristjan Asllani,/kristjan-asllani/profil/spieler/543771,€12.00m,Inter Milan,ITA,"Mar 9, 2002 (21)",Elbasan,Albania,"1,75 m",Defensive Midfield,Albania,2-Dec,right,21,,,
Lucien Agoumé,/lucien-agoume/profil/spieler/569384,€7.00m,Inter Milan,ITA,"Feb 9, 2002 (21)",Yaoundé,France,"1,85 m",Defensive Midfield,France U21,0 / 0,right,21,,,
Nicolò Barella,/nicolo-barella/profil/spieler/255942,€75.00m,Inter Milan,ITA,"Feb 7, 1997 (26)",Cagliari,Italy,"1,75 m",Central Midfield,Italy,45 / 8,right,26,,,
Hakan Calhanoglu,/hakan-calhanoglu/profil/spieler/126414,€40.00m,Inter Milan,ITA,"Feb 8, 1994 (29)",Mannheim,Turkey,"1,78 m",Central Midfield,Turkey,79 / 17,right,29,,,Unique Sports Group
Davide Frattesi,/davide-frattesi/profil/spieler/394300,€25.00m,Inter Milan,ITA,"Sep 22, 1999 (23)",Roma,Italy,"1,78 m",Central Midfield,Italy,1-Jun,right,23,,,
Davy Klaassen,/davy-klaassen/profil/spieler/182932,€10.00m,Inter Milan,ITA,"Feb 21, 1993 (30)",Hilversum,Netherlands,"1,79 m",Central Midfield,,41 / 10,right,30,,Netherlands,
Stefano Sensi,/stefano-sensi/profil/spieler/216179,€8.00m,Inter Milan,ITA,"Aug 5, 1995 (28)",Urbino,Italy,"1,68 m",Central Midfield,,3-Sep,right,28,Italy,,
Henrikh Mkhitaryan,/henrikh-mkhitaryan/profil/spieler/55735,€6.00m,Inter Milan,ITA,"Jan 21, 1989 (34)",Yerevan,Armenia,"1,77 m",Central Midfield,,95 / 32,na,34,Armenia,,Rafaela Pimenta
Denzel Dumfries,/denzel-dumfries/profil/spieler/321528,€28.00m,Inter Milan,ITA,"Apr 18, 1996 (27)",Rotterdam,Netherlands,"1,88 m",Right Midfield,Netherlands,45 / 6,right,27,,,
Juan Cuadrado,/juan-cuadrado/profil/spieler/91970,€4.00m,Inter Milan,ITA,"May 26, 1988 (35)",Necoclí,Colombia,"1,76 m",Right Midfield,Colombia,116 / 10,right,35,,,Andrei Martínez
Carlos Augusto,/carlos-augusto/profil/spieler/585982,€15.00m,Inter Milan,ITA,"Jan 7, 1999 (24)",Campinas,Brazil,"1,84 m",Left Midfield,,0 / 0,left,24,Brazil U20,,
Lautaro Martínez,/lautaro-martinez/profil/spieler/406625,€85.00m,Inter Milan,ITA,"Aug 22, 1997 (26)",Bahía Blanca,Argentina,"1,74 m",Centre-Forward,Argentina,49 / 21,right,26,,,
Marcus Thuram,/marcus-thuram/profil/spieler/318528,€32.00m,Inter Milan,ITA,"Aug 6, 1997 (26)",Parma,France,"1,92 m",Centre-Forward,France,1-Nov,right,26,,,Sport Cover
Marko Arnautovic,/marko-arnautovic/profil/spieler/41384,€5.00m,Inter Milan,ITA,"Apr 19, 1989 (34)",Wien,Austria,"1,90 m",Centre-Forward,Austria,108 / 34,na,34,,,
Alexis Sánchez,/alexis-sanchez/profil/spieler/40433,€4.00m,Inter Milan,ITA,"Dec 19, 1988 (34)",Tocopilla,Chile,"1,69 m",Centre-Forward,Chile,153 / 51,right,34,,,Vibra Futbol
Wojciech Szczesny,/wojciech-szczesny/profil/spieler/44058,€10.00m,Juventus FC,ITA,"Apr 18, 1990 (33)",Warszawa,Poland,"1,96 m",Goalkeeper,Poland,74 / 0,right,33,,,CAA Stellar
Mattia Perin,/mattia-perin/profil/spieler/110923,€4.00m,Juventus FC,ITA,"Nov 10, 1992 (30)",Latina,Italy,"1,88 m",Goalkeeper,,Feb-00,right,30,Italy,,
Carlo Pinsoglio,/carlo-pinsoglio/profil/spieler/75411,€200k,Juventus FC,ITA,"Mar 16, 1990 (33)",Moncalieri,Italy,"1,94 m",Goalkeeper,,Sep-00,left,33,Italy U21,,
Bremer,/bremer/profil/spieler/516716,€40.00m,Juventus FC,ITA,"Mar 18, 1997 (26)",Itapitanga,Brazil,"1,88 m",Centre-Back,,Mar-00,right,26,,Brazil,
Federico Gatti,/federico-gatti/profil/spieler/509022,€12.00m,Juventus FC,ITA,"Jun 24, 1998 (25)",Rivoli,Italy,"1,90 m",Centre-Back,,Feb-00,right,25,,Italy,
Daniele Rugani,/daniele-rugani/profil/spieler/162959,€2.00m,Juventus FC,ITA,"Jul 29, 1994 (29)",Lucca,Italy,"1,90 m",Centre-Back,,Jul-00,right,29,Italy,,
Andrea Cambiaso,/andrea-cambiaso/profil/spieler/459658,€8.00m,Juventus FC,ITA,"Feb 20, 2000 (23)",Genova,Italy,"1,82 m",Left-Back,,Aug-00,na,23,,Italy U21,
Alex Sandro,/alex-sandro/profil/spieler/79960,€3.00m,Juventus FC,ITA,"Jan 26, 1991 (32)",Catanduva,Brazil,"1,81 m",Left-Back,,40 / 2,left,32,,Brazil,
Danilo,/danilo/profil/spieler/145707,€15.00m,Juventus FC,ITA,"Jul 15, 1991 (32)",Bicas,Brazil,"1,84 m",Right-Back,Brazil,52 / 1,right,32,,,
Mattia De Sciglio,/mattia-de-sciglio/profil/spieler/88682,€3.00m,Juventus FC,ITA,"Oct 20, 1992 (30)",Milano,Italy,"1,83 m",Right-Back,,40 / 0,right,30,Italy,,
Manuel Locatelli,/manuel-locatelli/profil/spieler/265088,€30.00m,Juventus FC,ITA,"Jan 8, 1998 (25)",Lecco,Italy,"1,85 m",Defensive Midfield,Italy,24 / 3,right,25,,,
Adrien Rabiot,/adrien-rabiot/profil/spieler/182913,€40.00m,Juventus FC,ITA,"Apr 3, 1995 (28)",Saint-Maurice,France,"1,88 m",Central Midfield,France,37 / 3,left,28,,,
Nicolò Fagioli,/nicolo-fagioli/profil/spieler/432090,€35.00m,Juventus FC,ITA,"Feb 12, 2001 (22)",Piacenza,Italy,"1,78 m",Central Midfield,,Jan-00,right,22,,Italy,CAA Stellar
Weston McKennie,/weston-mckennie/profil/spieler/332697,€18.00m,Juventus FC,ITA,"Aug 28, 1998 (25)","Little Elm, Texas",United States,"1,85 m",Central Midfield,USA,45 / 11,right,25,,,
Paul Pogba,/paul-pogba/profil/spieler/122153,€15.00m,Juventus FC,ITA,"Mar 15, 1993 (30)",Lagny-sur-Marne,France,"1,91 m",Central Midfield,,91 / 11,na,30,France,,Rafaela Pimenta
Fabio Miretti,/fabio-miretti/profil/spieler/571607,€15.00m,Juventus FC,ITA,"Aug 3, 2003 (20)",Pinerolo,Italy,"1,80 m",Central Midfield,Italy U21,May-00,right,20,,,
Hans Nicolussi Caviglia,/hans-nicolussi-caviglia/profil/spieler/430280,€2.00m,Juventus FC,ITA,"Jun 18, 2000 (23)",Aosta,Italy,"1,84 m",Central Midfield,,Jan-00,right,23,Italy U21,,
Timothy Weah,/timothy-weah/profil/spieler/370846,€14.00m,Juventus FC,ITA,"Feb 22, 2000 (23)","New York City, New ...",United States,"1,83 m",Right Midfield,USA,32 / 5,right,23,,,
Filip Kostic,/filip-kostic/profil/spieler/161011,€22.00m,Juventus FC,ITA,"Nov 1, 1992 (30)",Kragujevac,Serbia,"1,84 m",Left Midfield,Serbia,56 / 3,left,30,,,
Federico Chiesa,/federico-chiesa/profil/spieler/341092,€40.00m,Juventus FC,ITA,"Oct 25, 1997 (25)",Genova,Italy,"1,75 m",Left Winger,Italy,42 / 5,right,25,,,
Samuel Iling Junior,/samuel-iling-junior/profil/spieler/581672,€9.00m,Juventus FC,ITA,"Oct 4, 2003 (19)",Islington,England,"1,82 m",Left Winger,England U21,0 / 0,left,19,,,
Dusan Vlahovic,/dusan-vlahovic/profil/spieler/357498,€70.00m,Juventus FC,ITA,"Jan 28, 2000 (23)",Belgrade,Serbia,"1,90 m",Centre-Forward,Serbia,23 / 13,left,23,,,
Moise Kean,/moise-kean/profil/spieler/364135,€18.00m,Juventus FC,ITA,"Feb 28, 2000 (23)",Vercelli,Italy,"1,83 m",Centre-Forward,,4-Dec,right,23,Italy,,
Arkadiusz Milik,/arkadiusz-milik/profil/spieler/191891,€8.00m,Juventus FC,ITA,"Feb 28, 1994 (29)",Tychy,Poland,"1,86 m",Centre-Forward,Poland,69 / 17,left,29,,,
Rui Patrício,/rui-patricio/profil/spieler/45026,€5.00m,AS Roma,ITA,"Feb 15, 1988 (35)",Leiria,Portugal,"1,90 m",Goalkeeper,Portugal,107 / 0,left,35,,,Gestifute
Mile Svilar,/mile-svilar/profil/spieler/338670,€1.50m,AS Roma,ITA,"Aug 27, 1999 (24)",Antwerpen,Serbia,"1,89 m",Goalkeeper,,Jan-00,right,24,Serbia,,Universal Twenty Two
Pietro Boer,/pietro-boer/profil/spieler/581604,€150k,AS Roma,ITA,"May 12, 2002 (21)",Mestre,Italy,"1,93 m",Goalkeeper,,,right,21,,,
Evan Ndicka,/evan-ndicka/profil/spieler/371149,€28.00m,AS Roma,ITA,"Aug 20, 1999 (24)",Paris,Cote d'Ivoire,"1,92 m",Centre-Back,Ivory Coast,0 / 0,left,24,,,
Gianluca Mancini,/gianluca-mancini/profil/spieler/256448,€18.00m,AS Roma,ITA,"Apr 17, 1996 (27)",Pontedera,Italy,"1,90 m",Centre-Back,Italy,Sep-00,right,27,,,
Diego Llorente,/diego-llorente/profil/spieler/246291,€12.00m,AS Roma,ITA,"Aug 16, 1993 (30)",Madrid,Spain,"1,86 m",Centre-Back,,Oct-00,right,30,,Spain,Gelu Rodríguez
Chris Smalling,/chris-smalling/profil/spieler/103427,€8.00m,AS Roma,ITA,"Nov 22, 1989 (33)",London,England,"1,94 m",Centre-Back,,31 / 1,right,33,England,,
Marash Kumbulla,/marash-kumbulla/profil/spieler/371371,€8.00m,AS Roma,ITA,"Feb 8, 2000 (23)",Peschiera del Garda,Albania,"1,91 m",Centre-Back,,18 / 0,right,23,,Albania,
Leonardo Spinazzola,/leonardo-spinazzola/profil/spieler/118689,€10.00m,AS Roma,ITA,"Mar 25, 1993 (30)",Foligno,Italy,"1,86 m",Left-Back,Italy,24 / 0,right,30,,,
Rasmus Kristensen,/rasmus-kristensen/profil/spieler/369684,€13.00m,AS Roma,ITA,"Jul 11, 1997 (26)",Brande,Denmark,"1,87 m",Right-Back,Denmark,14 / 0,right,26,,,
Zeki Celik,/zeki-celik/profil/spieler/251075,€10.00m,AS Roma,ITA,"Feb 17, 1997 (26)",Bursa,Turkey,"1,80 m",Right-Back,Turkey,39 / 2,right,26,,,F-F SPORT
Rick Karsdorp,/rick-karsdorp/profil/spieler/205006,€7.00m,AS Roma,ITA,"Feb 11, 1995 (28)",Schoonhoven,Netherlands,"1,84 m",Right-Back,,Mar-00,right,28,Netherlands,,H2 Agency
Bryan Cristante,/bryan-cristante/profil/spieler/199248,€20.00m,AS Roma,ITA,"Mar 3, 1995 (28)",San Vito al ...,Italy,"1,86 m",Defensive Midfield,Italy,33 / 2,right,28,,,
Leandro Paredes,/leandro-paredes/profil/spieler/166237,€12.00m,AS Roma,ITA,"Jun 29, 1994 (29)",San Justo,Argentina,"1,80 m",Defensive Midfield,Argentina,55 / 5,right,29,,,
Renato Sanches,/renato-sanches/profil/spieler/258027,€15.00m,AS Roma,ITA,"Aug 18, 1997 (26)",Lisboa,Portugal,"1,76 m",Central Midfield,,32 / 3,right,26,,Portugal,Gestifute
Houssem Aouar,/houssem-aouar/profil/spieler/395693,€13.00m,AS Roma,ITA,"Jun 30, 1998 (25)",Lyon,Algeria,"1,75 m",Central Midfield,Algeria,Feb-00,right,25,,,
Edoardo Bove,/edoardo-bove/profil/spieler/562049,€10.00m,AS Roma,ITA,"May 16, 2002 (21)",Roma,Italy,"1,81 m",Central Midfield,Italy U21,Aug-00,right,21,,,
Riccardo Pagano,/riccardo-pagano/profil/spieler/659415,€900k,AS Roma,ITA,"Nov 28, 2004 (18)",Tivoli,Italy,"1,75 m",Central Midfield,,Feb-00,right,18,,Italy U19,
Nicola Zalewski,/nicola-zalewski/profil/spieler/550108,€20.00m,AS Roma,ITA,"Jan 23, 2002 (21)",Tivoli,Poland,"1,75 m",Left Midfield,,Dec-00,na,21,,Poland,
Lorenzo Pellegrini,/lorenzo-pellegrini/profil/spieler/286297,€35.00m,AS Roma,ITA,"Jun 19, 1996 (27)",Roma,Italy,"1,86 m",Attacking Midfield,Italy,26 / 5,na,27,,,
Stephan El Shaarawy,/stephan-el-shaarawy/profil/spieler/94529,€5.00m,AS Roma,ITA,"Oct 27, 1992 (30)",Savona,Italy,"1,78 m",Left Winger,,29 / 6,right,30,Italy,,
Paulo Dybala,/paulo-dybala/profil/spieler/206050,€30.00m,AS Roma,ITA,"Nov 15, 1993 (29)",Laguna Larga,Argentina,"1,77 m",Second Striker,,38 / 3,left,29,,Argentina,
Tammy Abraham,/tammy-abraham/profil/spieler/331726,€40.00m,AS Roma,ITA,"Oct 2, 1997 (25)",London,England,"1,94 m",Centre-Forward,,3-Nov,right,25,,England,ROOF
Romelu Lukaku,/romelu-lukaku/profil/spieler/96341,€40.00m,AS Roma,ITA,"May 13, 1993 (30)",Antwerpen,Belgium,"1,91 m",Centre-Forward,Belgium,109 / 75,left,30,,,TEAM LUKAKU
Sardar Azmoun,/sardar-azmoun/profil/spieler/180337,€12.00m,AS Roma,ITA,"Jan 1, 1995 (28)","Gonbad-e Kavus, ...",Iran,"1,86 m",Centre-Forward,,71 / 45,na,28,,Iran,Epic Sports
Andrea Belotti,/andrea-belotti/profil/spieler/167727,€8.00m,AS Roma,ITA,"Dec 20, 1993 (29)",Calcinate,Italy,"1,81 m",Centre-Forward,,44 / 12,right,29,Italy,,
Marco Carnesecchi,/marco-carnesecchi/profil/spieler/459763,€13.00m,Atalanta BC,ITA,"Jul 1, 2000 (23)",Rimini,Italy,"1,91 m",Goalkeeper,,0 / 0,right,23,,Italy,
Juan Musso,/juan-musso/profil/spieler/242359,€8.00m,Atalanta BC,ITA,"May 6, 1994 (29)",San Nicolás,Argentina,"1,91 m",Goalkeeper,Argentina,Feb-00,right,29,,,
Francesco Rossi,/francesco-rossi/profil/spieler/126634,€100k,Atalanta BC,ITA,"Apr 27, 1991 (32)",Merate,Italy,"1,93 m",Goalkeeper,,0 / 0,right,32,Italy U21,,
Giorgio Scalvini,/giorgio-scalvini/profil/spieler/571604,€40.00m,Atalanta BC,ITA,"Dec 11, 2003 (19)",Chiari,Italy,"1,94 m",Centre-Back,Italy,Apr-00,right,19,,,
Berat Djimsiti,/berat-djimsiti/profil/spieler/165513,€10.00m,Atalanta BC,ITA,"Feb 19, 1993 (30)",Zürich,Albania,"1,90 m",Centre-Back,Albania,51 / 1,right,30,,,Soccer Mondial AG
Rafael Tolói,/rafael-toloi/profil/spieler/72441,€6.00m,Atalanta BC,ITA,"Oct 10, 1990 (32)",Glória D'Oeste,Italy,"1,85 m",Centre-Back,,14 / 0,right,32,,Italy,
José Luis Palomino,/jose-luis-palomino/profil/spieler/125020,€2.50m,Atalanta BC,ITA,"Jan 5, 1990 (33)",San Miguel de ...,Argentina,"1,88 m",Centre-Back,,0 / 0,left,33,Argentina,,
Giovanni Bonfanti,/giovanni-bonfanti/profil/spieler/663900,€100k,Atalanta BC,ITA,"Jan 17, 2003 (20)",Milano,Italy,"1,87 m",Centre-Back,,1-Mar,left,20,Italy U16,,SEG
Mitchel Bakker,/mitchel-bakker/profil/spieler/361065,€9.00m,Atalanta BC,ITA,"Jun 20, 2000 (23)",Purmerend,Netherlands,"1,85 m",Left-Back,,21 / 0,left,23,,Netherlands U21,Team Raiola
Sead Kolasinac,/sead-kolasinac/profil/spieler/94005,€8.00m,Atalanta BC,ITA,"Jun 20, 1993 (30)",Karlsruhe,Bosnia-Herzegovina,"1,83 m",Left-Back,Bosnia,54 / 0,left,30,,,Unique Sports Group
Matteo Ruggeri,/matteo-ruggeri/profil/spieler/616631,€4.00m,Atalanta BC,ITA,"Jul 11, 2002 (21)",San Giovanni Bianco,Italy,"1,87 m",Left-Back,Italy U21,Mar-00,left,21,,,
Davide Zappacosta,/davide-zappacosta/profil/spieler/173859,€7.00m,Atalanta BC,ITA,"Jun 11, 1992 (31)",Sora,Italy,"1,82 m",Right-Back,,13 / 0,right,31,Italy,,
Hans Hateboer,/hans-hateboer/profil/spieler/275303,€6.00m,Atalanta BC,ITA,"Jan 9, 1994 (29)",Beerta,Netherlands,"1,85 m",Right-Back,,13 / 0,right,29,Netherlands,,Key United
Emil Holm,/emil-holm/profil/spieler/496745,€5.00m,Atalanta BC,ITA,"May 13, 2000 (23)",Göteborg,Sweden,"1,91 m",Right-Back,Sweden,Mar-00,right,23,,,
Nadir Zortea,/nadir-zortea/profil/spieler/392966,€2.00m,Atalanta BC,ITA,"Jun 19, 1999 (24)",Feltre,Italy,"1,75 m",Right-Back,,0 / 0,right,24,Italy U20,,
Teun Koopmeiners,/teun-koopmeiners/profil/spieler/360518,€30.00m,Atalanta BC,ITA,"Feb 28, 1998 (25)",Castricum,Netherlands,"1,83 m",Defensive Midfield,Netherlands,16 / 1,left,25,,,
Marten de Roon,/marten-de-roon/profil/spieler/133179,€10.00m,Atalanta BC,ITA,"Mar 29, 1991 (32)",Zwijndrecht,Netherlands,"1,85 m",Defensive Midfield,Netherlands,38 / 1,right,32,,,SEG
Éderson,/ederson/profil/spieler/607854,€20.00m,Atalanta BC,ITA,"Jul 7, 1999 (24)",Campo Grande,Brazil,"1,83 m",Central Midfield,,Jan-00,right,24,Brazil U20,,
Michel Adopo,/michel-adopo/profil/spieler/564305,€500k,Atalanta BC,ITA,"Jul 19, 2000 (23)",Villeneuve-Saint-Geo...,France,"1,87 m",Central Midfield,,Feb-00,right,23,France U18,,
Charles De Ketelaere,/charles-de-ketelaere/profil/spieler/435772,€22.00m,Atalanta BC,ITA,"Mar 10, 2001 (22)",Brugge,Belgium,"1,92 m",Attacking Midfield,Belgium,1-Dec,left,22,,,
Mario Pasalic,/mario-pasalic/profil/spieler/205938,€20.00m,Atalanta BC,ITA,"Feb 9, 1995 (28)",Mainz,Croatia,"1,88 m",Attacking Midfield,Croatia,55 / 9,right,28,,,
Aleksey Miranchuk,/aleksey-miranchuk/profil/spieler/255450,€12.00m,Atalanta BC,ITA,"Oct 17, 1995 (27)","Slavyansk-na-Kubani,...",Russia,"1,82 m",Attacking Midfield,,41 / 6,left,27,Russia,,
Ademola Lookman,/ademola-lookman/profil/spieler/406040,€30.00m,Atalanta BC,ITA,"Oct 20, 1997 (25)",London,Nigeria,"1,74 m",Second Striker,Nigeria,1-Jul,right,25,,,ROOF
Gianluca Scamacca,/gianluca-scamacca/profil/spieler/315867,€22.00m,Atalanta BC,ITA,"Jan 1, 1999 (24)",Roma,Italy,"1,95 m",Centre-Forward,,Nov-00,right,24,,Italy,CAA Stellar
El Bilal Touré,/el-bilal-toure/profil/spieler/649016,€12.00m,Atalanta BC,ITA,"Oct 3, 2001 (21)",Adjamé,Mali,"1,85 m",Centre-Forward,,15 / 5,na,21,,Mali,
Luis Muriel,/luis-muriel/profil/spieler/119228,€5.00m,Atalanta BC,ITA,"Apr 16, 1991 (32)",Santo Tomás,Colombia,"1,79 m",Centre-Forward,,45 / 8,right,32,Colombia,,
Ivan Provedel,/ivan-provedel/profil/spieler/197929,€12.00m,SS Lazio,ITA,"Mar 17, 1994 (29)",Pordenone,Italy,"1,94 m",Goalkeeper,Italy,0 / 0,right,29,,,
Luigi Sepe,/luigi-sepe/profil/spieler/99254,€1.00m,SS Lazio,ITA,"May 8, 1991 (32)",Torre del Greco,Italy,"1,85 m",Goalkeeper,,Apr-00,left,32,Italy U19,,
Christos Mandas,/christos-mandas/profil/spieler/481675,€1.00m,SS Lazio,ITA,"Sep 17, 2001 (21)",Piräus,Greece,"1,89 m",Goalkeeper,,Feb-00,right,21,Greece U21,,
Nicolò Casale,/nicolo-casale/profil/spieler/389837,€22.00m,SS Lazio,ITA,"Feb 14, 1998 (25)",Negrar,Italy,"1,91 m",Centre-Back,Italy,0 / 0,right,25,,,
Alessio Romagnoli,/alessio-romagnoli/profil/spieler/197747,€18.00m,SS Lazio,ITA,"Jan 12, 1995 (28)",Anzio,Italy,"1,85 m",Centre-Back,Italy,13 / 2,left,28,,,Team Raiola
Patric,/patric/profil/spieler/126729,€5.00m,SS Lazio,ITA,"Apr 17, 1993 (30)",Mula,Spain,"1,84 m",Centre-Back,,,right,30,,,Team Raiola
Mario Gila,/mario-gila/profil/spieler/618341,€3.00m,SS Lazio,ITA,"Aug 29, 2000 (23)",Barcelona,Spain,"1,85 m",Centre-Back,,Sep-00,right,23,,Spain U21,
Adam Marusic,/adam-marusic/profil/spieler/239802,€8.00m,SS Lazio,ITA,"Oct 17, 1992 (30)",Belgrade,Montenegro,"1,85 m",Left-Back,Montenegro,54 / 3,right,30,,,
Luca Pellegrini,/luca-pellegrini/profil/spieler/346567,€7.00m,SS Lazio,ITA,"Mar 7, 1999 (24)",Roma,Italy,"1,78 m",Left-Back,,Jan-00,left,24,Italy,,Team Raiola
Dimitrije Kamenovic,/dimitrije-kamenovic/profil/spieler/465565,€700k,SS Lazio,ITA,"Jul 16, 2000 (23)",Pirot,Serbia,"1,88 m",Left-Back,,Dec-00,left,23,Serbia U21,,
Manuel Lazzari,/manuel-lazzari/profil/spieler/331401,€7.50m,SS Lazio,ITA,"Nov 29, 1993 (29)",Valdagno,Italy,"1,74 m",Right-Back,,Mar-00,right,29,Italy,,
Elseid Hysaj,/elseid-hysaj/profil/spieler/200056,€5.00m,SS Lazio,ITA,"Feb 2, 1994 (29)",Shkodër,Albania,"1,82 m",Right-Back,Albania,78 / 2,right,29,,,
Nicolò Rovella,/nicolo-rovella/profil/spieler/525704,€18.00m,SS Lazio,ITA,"Dec 4, 2001 (21)",Segrate,Italy,"1,79 m",Defensive Midfield,,21 / 3,right,21,,Italy U21,
Danilo Cataldi,/danilo-cataldi/profil/spieler/199733,€10.00m,SS Lazio,ITA,"Aug 6, 1994 (29)",Roma,Italy,"1,80 m",Defensive Midfield,,0 / 0,right,29,Italy,,
Mattéo Guendouzi,/matteo-guendouzi/profil/spieler/465830,€25.00m,SS Lazio,ITA,"Apr 14, 1999 (24)",Poissy,France,"1,85 m",Central Midfield,,1-Jul,right,24,,France,
Luis Alberto,/luis-alberto/profil/spieler/128220,€18.00m,SS Lazio,ITA,"Sep 28, 1992 (30)",San José del Valle,Spain,"1,83 m",Central Midfield,,Jan-00,right,30,Spain,,
Toma Basic,/toma-basic/profil/spieler/334835,€6.00m,SS Lazio,ITA,"Nov 25, 1996 (26)",Zagreb,Croatia,"1,90 m",Central Midfield,,Feb-00,left,26,Croatia,,
Matías Vecino,/matias-vecino/profil/spieler/143812,€4.50m,SS Lazio,ITA,"Aug 24, 1991 (32)",San Jacinto,Uruguay,"1,87 m",Central Midfield,,67 / 5,right,32,,Uruguay,
Daichi Kamada,/daichi-kamada/profil/spieler/356141,€27.00m,SS Lazio,ITA,"Aug 5, 1996 (27)","Iyo, Ehime",Japan,"1,84 m",Attacking Midfield,Japan,30 / 6,right,27,,,
André Anderson,/andre-anderson/profil/spieler/601577,€1.00m,SS Lazio,ITA,"Sep 23, 1999 (23)",Maracai,Italy,"1,80 m",Attacking Midfield,,1-May,right,23,Italy U20,,
Mattia Zaccagni,/mattia-zaccagni/profil/spieler/283735,€30.00m,SS Lazio,ITA,"Jun 16, 1995 (28)",Cesena,Italy,"1,77 m",Left Winger,Italy,Jan-00,right,28,,,
Diego González,/diego-gonzalez/profil/spieler/873981,€750k,SS Lazio,ITA,"Jan 7, 2003 (20)",Alto Paraná,Paraguay,"1,77 m",Left Winger,Paraguay U20,0 / 0,left,20,,,
Felipe Anderson,/felipe-anderson/profil/spieler/159372,€15.00m,SS Lazio,ITA,"Apr 15, 1993 (30)",Brasília,Brazil,"1,75 m",Right Winger,,Feb-00,right,30,Brazil,,
Gustav Isaksen,/gustav-isaksen/profil/spieler/462823,€7.50m,SS Lazio,ITA,"Apr 19, 2001 (22)",Hjerk,Denmark,"1,81 m",Right Winger,,19 / 7,na,22,,Denmark U21,
Pedro,/pedro/profil/spieler/65278,€1.50m,SS Lazio,ITA,"Jul 28, 1987 (36)",Santa Cruz de ...,Spain,"1,67 m",Right Winger,,65 / 17,na,36,Spain,,
Cristiano Lombardi,/cristiano-lombardi/profil/spieler/240349,€125k,SS Lazio,ITA,"Aug 19, 1995 (28)",Viterbo,Italy,"1,80 m",Right Winger,,Feb-00,right,28,Italy U19,,
Ciro Immobile,/ciro-immobile/profil/spieler/105521,€15.00m,SS Lazio,ITA,"Feb 20, 1990 (33)",Torre Annunziata,Italy,"1,85 m",Centre-Forward,Italy,56 / 16,right,33,,,
Taty Castellanos,/taty-castellanos/profil/spieler/522784,€15.00m,SS Lazio,ITA,"Oct 3, 1998 (24)",Mendoza,Argentina,"1,78 m",Centre-Forward,,Jun-00,right,24,Argentina U23,,
Oliver Christensen,/oliver-christensen/profil/spieler/471936,€4.00m,ACF Fiorentina,ITA,"Mar 22, 1999 (24)",Kerteminde,Denmark,"1,90 m",Goalkeeper,,Jan-00,right,24,,Denmark,
Pietro Terracciano,/pietro-terracciano/profil/spieler/96254,€2.00m,ACF Fiorentina,ITA,"Mar 8, 1990 (33)",San Felice a ...,Italy,"1,93 m",Goalkeeper,,,right,33,,,
Nikola Milenkovic,/nikola-milenkovic/profil/spieler/413507,€18.00m,ACF Fiorentina,ITA,"Oct 12, 1997 (25)",Belgrade,Serbia,"1,95 m",Centre-Back,Serbia,46 / 3,right,25,,,
Yerry Mina,/yerry-mina/profil/spieler/289446,€10.00m,ACF Fiorentina,ITA,"Sep 23, 1994 (28)",Guachené,Colombia,"1,95 m",Centre-Back,Colombia,41 / 7,right,28,,,
Lucas Martínez Quarta,/lucas-martinez-quarta/profil/spieler/373373,€10.00m,ACF Fiorentina,ITA,"May 10, 1996 (27)",Mar del Plata,Argentina,"1,83 m",Centre-Back,,Nov-00,right,27,Argentina,,Universal Twenty Two
Luca Ranieri,/luca-ranieri/profil/spieler/346561,€2.50m,ACF Fiorentina,ITA,"Apr 23, 1999 (24)",La Spezia,Italy,"1,87 m",Centre-Back,,Aug-00,left,24,Italy U21,,
Christian Dalle Mura,/christian-dalle-mura/profil/spieler/487829,€1.00m,ACF Fiorentina,ITA,"Feb 2, 2002 (21)",Pietrasanta,Italy,"1,85 m",Centre-Back,,0 / 0,left,21,,Italy U21,
Fabiano Parisi,/fabiano-parisi/profil/spieler/547985,€10.00m,ACF Fiorentina,ITA,"Nov 9, 2000 (22)",Solofra,Italy,"1,78 m",Left-Back,,0 / 0,left,22,,Italy,
Cristiano Biraghi,/cristiano-biraghi/profil/spieler/124555,€5.00m,ACF Fiorentina,ITA,"Sep 1, 1992 (31)",Cernusco sul ...,Italy,"1,85 m",Left-Back,Italy,13 / 1,left,31,,,
Dodô,/dodo/profil/spieler/401529,€20.00m,ACF Fiorentina,ITA,"Nov 17, 1998 (24)",Taubaté,Brazil,"1,66 m",Right-Back,,May-00,right,24,Brazil U23,,
Niccolò Pierozzi,/niccolo-pierozzi/profil/spieler/534084,€1.60m,ACF Fiorentina,ITA,"Sep 12, 2001 (21)",Firenze,Italy,"1,84 m",Right-Back,,Feb-00,right,21,,Italy U21,
Michael Kayode,/michael-kayode/profil/spieler/823486,€800k,ACF Fiorentina,ITA,"Jul 10, 2004 (19)",Borgomanero,Italy,"1,79 m",Right-Back,Italy U21,0 / 0,right,19,,,
Maxime López,/maxime-lopez/profil/spieler/290862,€15.00m,ACF Fiorentina,ITA,"Dec 4, 1997 (25)",Marseille,France,"1,67 m",Defensive Midfield,,13 / 0,right,25,France U21,,
Rolando Mandragora,/rolando-mandragora/profil/spieler/308279,€10.00m,ACF Fiorentina,ITA,"Jun 29, 1997 (26)",Napoli,Italy,"1,83 m",Defensive Midfield,,Jan-00,left,26,Italy,,
Lorenzo Amatucci,/lorenzo-amatucci/profil/spieler/707450,€700k,ACF Fiorentina,ITA,"Feb 5, 2004 (19)",Arezzo,Italy,"1,72 m",Defensive Midfield,,Nov-00,right,19,,Italy U19,
Arthur Melo,/arthur-melo/profil/spieler/362842,€15.00m,ACF Fiorentina,ITA,"Aug 12, 1996 (27)",Goiânia,Brazil,"1,72 m",Central Midfield,,22 / 1,right,27,Brazil,,
Gaetano Castrovilli,/gaetano-castrovilli/profil/spieler/303116,€10.00m,ACF Fiorentina,ITA,"Feb 17, 1997 (26)",Canosa di Puglia,Italy,"1,87 m",Central Midfield,,Apr-00,right,26,Italy,,
Alfred Duncan,/alfred-duncan/profil/spieler/184894,€4.00m,ACF Fiorentina,ITA,"Mar 10, 1993 (30)",Accra,Ghana,"1,78 m",Central Midfield,,Oct-00,left,30,Ghana,,
Gino Infantino,/gino-infantino/profil/spieler/831162,€3.00m,ACF Fiorentina,ITA,"May 19, 2003 (20)",Rosario,Argentina,"1,78 m",Central Midfield,Argentina U20,15 / 2,left,20,,,
Giacomo Bonaventura,/giacomo-bonaventura/profil/spieler/57280,€2.50m,ACF Fiorentina,ITA,"Aug 22, 1989 (34)",San Severino Marche,Italy,"1,80 m",Central Midfield,,14 / 0,right,34,Italy,,Team Raiola
Antonin Barak,/antonin-barak/profil/spieler/272261,€10.00m,ACF Fiorentina,ITA,"Dec 3, 1994 (28)",Příbram,Czech Republic,"1,90 m",Attacking Midfield,,37 / 8,left,28,,Czechia,
Riccardo Sottil,/riccardo-sottil/profil/spieler/386455,€8.00m,ACF Fiorentina,ITA,"Jun 3, 1999 (24)",Torino,Italy,"1,80 m",Left Winger,,3-Dec,right,24,Italy U21,,
Josip Brekalo,/josip-brekalo/profil/spieler/293169,€5.00m,ACF Fiorentina,ITA,"Jun 23, 1998 (25)",Zagreb,Croatia,"1,75 m",Left Winger,,33 / 4,right,25,Croatia,,
Nicolás González,/nicolas-gonzalez/profil/spieler/486031,€30.00m,ACF Fiorentina,ITA,"Apr 6, 1998 (25)",Belén de Escobar,Argentina,"1,80 m",Right Winger,Argentina,25 / 4,left,25,,,
Jonathan Ikoné,/jonathan-ikone/profil/spieler/324690,€16.00m,ACF Fiorentina,ITA,"May 2, 1998 (25)",Bondy,France,"1,75 m",Right Winger,,1-Apr,left,25,France,,
Lucas Beltrán,/lucas-beltran/profil/spieler/628366,€12.00m,ACF Fiorentina,ITA,"Mar 29, 2001 (22)",Córdoba,Argentina,"1,76 m",Centre-Forward,Argentina,0 / 0,right,22,,,
Christian Kouamé,/christian-kouame/profil/spieler/337725,€12.00m,ACF Fiorentina,ITA,"Dec 6, 1997 (25)",Abidjan,Cote d'Ivoire,"1,85 m",Centre-Forward,Ivory Coast,20 / 2,right,25,,,
M'Bala Nzola,/mbala-nzola/profil/spieler/354814,€8.00m,ACF Fiorentina,ITA,"Aug 18, 1996 (27)",Buco-Zau,Angola,"1,85 m",Centre-Forward,,2-Jun,left,27,,Angola,
Vanja Milinkovic-Savic,/vanja-milinkovic-savic/profil/spieler/257474,€3.50m,Torino FC,ITA,"Feb 20, 1997 (26)",Ourense,Serbia,"2,02 m",Goalkeeper,Serbia,15 / 0,right,26,,,
Mihai Popa,/mihai-popa/profil/spieler/623412,€1.00m,Torino FC,ITA,"Oct 12, 2000 (22)",Constanța,Romania,"1,90 m",Goalkeeper,,0 / 0,right,22,,Romania,
Luca Gemello,/luca-gemello/profil/spieler/463792,€300k,Torino FC,ITA,"Jul 3, 2000 (23)",Savigliano,Italy,"1,90 m",Goalkeeper,,0 / 0,right,23,Italy U20,,
Perr Schuurs,/perr-schuurs/profil/spieler/418543,€25.00m,Torino FC,ITA,"Nov 26, 1999 (23)",Nieuwstadt,Netherlands,"1,91 m",Centre-Back,,0 / 0,right,23,Netherlands,,
Alessandro Buongiorno,/alessandro-buongiorno/profil/spieler/386446,€10.00m,Torino FC,ITA,"Jun 6, 1999 (24)",Torino,Italy,"1,94 m",Centre-Back,,Jan-00,left,24,,Italy,
David Zima,/david-zima/profil/spieler/544149,€5.00m,Torino FC,ITA,"Nov 8, 2000 (22)",Olomouc,Czech Republic,"1,90 m",Centre-Back,Czechia,17 / 0,right,22,,,
Ricardo Rodríguez,/ricardo-rodriguez/profil/spieler/86784,€3.50m,Torino FC,ITA,"Aug 25, 1992 (31)",Zürich,Switzerland,"1,80 m",Centre-Back,Switzerland,108 / 9,left,31,,,
Saba Sazonov,/saba-sazonov/profil/spieler/655456,€3.00m,Torino FC,ITA,"Feb 1, 2002 (21)",St. Petersburg,Georgia,"1,94 m",Centre-Back,Georgia,Mar-00,right,21,,,
Koffi Djidji,/koffi-djidji/profil/spieler/183031,€3.00m,Torino FC,ITA,"Nov 30, 1992 (30)",Bagnolet,Cote d'Ivoire,"1,84 m",Centre-Back,,0 / 0,right,30,Ivory Coast,,
Ange Caumenan N'Guessan,/ange-caumenan-nguessan/profil/spieler/804799,€200k,Torino FC,ITA,"Sep 1, 2003 (20)",,France,"1,88 m",Centre-Back,,0 / 0,right,20,France U18,,
Mërgim Vojvoda,/mergim-vojvoda/profil/spieler/336125,€4.00m,Torino FC,ITA,"Feb 1, 1995 (28)",Hof (Saale),Kosovo,"1,87 m",Left-Back,Kosovo,48 / 2,right,28,,,
Brandon Soppy,/brandon-soppy/profil/spieler/546880,€9.00m,Torino FC,ITA,"Feb 21, 2002 (21)",Aubervilliers,France,"1,81 m",Right-Back,,Jan-00,right,21,France U20,,CAA Stellar
Raoul Bellanova,/raoul-bellanova/profil/spieler/357992,€5.00m,Torino FC,ITA,"May 17, 2000 (23)",Rho,Italy,"1,88 m",Right-Back,,20 / 0,right,23,,Italy U21,
Valentino Lazaro,/valentino-lazaro/profil/spieler/186368,€5.00m,Torino FC,ITA,"Mar 24, 1996 (27)",Graz,Austria,"1,80 m",Right-Back,,36 / 3,right,27,Austria,,Unique Sports Group
Samuele Ricci,/samuele-ricci/profil/spieler/467992,€20.00m,Torino FC,ITA,"Aug 21, 2001 (22)",Pontedera,Italy,"1,80 m",Defensive Midfield,,Feb-00,right,22,,Italy,
Adrien Tamèze,/adrien-tameze/profil/spieler/157507,€6.00m,Torino FC,ITA,"Feb 4, 1994 (29)",Lille,Cameroon,"1,80 m",Defensive Midfield,,0 / 0,right,29,Cameroon,,
Ivan Ilic,/ivan-ilic/profil/spieler/470794,€19.00m,Torino FC,ITA,"Mar 17, 2001 (22)",Niš,Serbia,"1,85 m",Central Midfield,Serbia,Dec-00,left,22,,,
Karol Linetty,/karol-linetty/profil/spieler/225873,€3.50m,Torino FC,ITA,"Feb 2, 1995 (28)",Żnin,Poland,"1,76 m",Central Midfield,Poland,46 / 5,right,28,,,
Gvidas Gineitis,/gvidas-gineitis/profil/spieler/798929,€900k,Torino FC,ITA,"Apr 15, 2004 (19)",Mazeikiai,Lithuania,"1,87 m",Central Midfield,Lithuania,Aug-00,left,19,,,
Nikola Vlasic,/nikola-vlasic/profil/spieler/293200,€17.00m,Torino FC,ITA,"Oct 4, 1997 (25)",Split,Croatia,"1,78 m",Attacking Midfield,Croatia,51 / 7,right,25,,,
Nemanja Radonjic,/nemanja-radonjic/profil/spieler/245078,€4.00m,Torino FC,ITA,"Feb 15, 1996 (27)",Nis,Serbia,"1,85 m",Left Winger,Serbia,41 / 5,na,27,,,
Yann Karamoh,/yann-karamoh/profil/spieler/324804,€3.50m,Torino FC,ITA,"Jul 8, 1998 (25)",Abidjan,Cote d'Ivoire,"1,85 m",Left Winger,,1-Apr,right,25,France U21,,
Demba Seck,/demba-seck/profil/spieler/551752,€2.70m,Torino FC,ITA,"Feb 10, 2001 (22)",Guédiawaye,Senegal,"1,90 m",Right Winger,,Jan-00,left,22,,Senegal,
Antonio Sanabria,/antonio-sanabria/profil/spieler/234523,€10.00m,Torino FC,ITA,"Mar 4, 1996 (27)",San Lorenzo,Paraguay,"1,81 m",Centre-Forward,,27 / 2,right,27,Paraguay,,GG11
Duván Zapata,/duvan-zapata/profil/spieler/73794,€8.00m,Torino FC,ITA,"Apr 1, 1991 (32)",Santiago de Cali,Colombia,"1,89 m",Centre-Forward,,34 / 4,right,32,Colombia,,
Pietro Pellegri,/pietro-pellegri/profil/spieler/364133,€3.50m,Torino FC,ITA,"Mar 17, 2001 (22)",Genova,Italy,"1,88 m",Centre-Forward,,3-Aug,right,22,,Italy U21,
Lukasz Skorupski,/lukasz-skorupski/profil/spieler/80894,€3.50m,Bologna FC 1909,ITA,"May 5, 1991 (32)",Zabrze,Poland,"1,88 m",Goalkeeper,,Aug-00,right,32,,Poland,GG11
Federico Ravaglia,/federico-ravaglia/profil/spieler/390304,€450k,Bologna FC 1909,ITA,"Nov 11, 1999 (23)",Bologna,Italy,"1,96 m",Goalkeeper,,,right,23,,,
Nicola Bagnolini,/nicola-bagnolini/profil/spieler/818892,€200k,Bologna FC 1909,ITA,"Mar 14, 2004 (19)",Cesena,Italy,"1,94 m",Goalkeeper,,Feb-00,right,19,,Italy U19,
Jhon Lucumí,/jhon-lucumi/profil/spieler/413565,€12.00m,Bologna FC 1909,ITA,"Jun 26, 1998 (25)",Cali,Colombia,"1,87 m",Centre-Back,Colombia,13 / 0,left,25,,,
Sam Beukema,/sam-beukema/profil/spieler/433984,€4.50m,Bologna FC 1909,ITA,"Nov 17, 1998 (24)",Deventer,Netherlands,"1,88 m",Centre-Back,,,right,24,,,
Adama Soumaoro,/adama-soumaoro/profil/spieler/126673,€3.00m,Bologna FC 1909,ITA,"Jun 18, 1992 (31)",Fontenay-aux-Roses,France,"1,87 m",Centre-Back,,,right,31,,,
Kevin Bonifazi,/kevin-bonifazi/profil/spieler/247377,€2.80m,Bologna FC 1909,ITA,"May 19, 1996 (27)",Rieti,Italy,"1,87 m",Centre-Back,,Jul-00,right,27,Italy U21,,
Victor Kristiansen,/victor-kristiansen/profil/spieler/564529,€12.00m,Bologna FC 1909,ITA,"Dec 16, 2002 (20)",Copenhagen,Denmark,"1,81 m",Left-Back,Denmark,Jan-00,left,20,,,
Riccardo Calafiori,/riccardo-calafiori/profil/spieler/502821,€4.50m,Bologna FC 1909,ITA,"May 19, 2002 (21)",Roma,Italy,"1,88 m",Left-Back,,Feb-00,left,21,,Italy U21,
Charalampos Lykogiannis,/charalampos-lykogiannis/profil/spieler/136514,€1.00m,Bologna FC 1909,ITA,"Oct 22, 1993 (29)",Piräus,Greece,"1,91 m",Left-Back,,Jun-00,left,29,Greece,,
Tommaso Corazza,/tommaso-corazza/profil/spieler/818880,€100k,Bologna FC 1909,ITA,"Jun 29, 2004 (19)",Bologna,Italy,"1,74 m",Left-Back,,,right,19,,,
Stefan Posch,/stefan-posch/profil/spieler/223974,€14.00m,Bologna FC 1909,ITA,"May 14, 1997 (26)",Judenburg,Austria,"1,90 m",Right-Back,Austria,24 / 1,right,26,,,ROGON
Lorenzo De Silvestri,/lorenzo-de-silvestri/profil/spieler/33571,€400k,Bologna FC 1909,ITA,"May 23, 1988 (35)",Roma,Italy,"1,87 m",Right-Back,,Jun-00,right,35,Italy,,
Nikola Moro,/nikola-moro/profil/spieler/316934,€6.50m,Bologna FC 1909,ITA,"Mar 12, 1998 (25)",Split,Croatia,"1,84 m",Defensive Midfield,,Jan-00,right,25,Croatia,,VPA Sports
Oussama El Azzouzi,/oussama-el-azzouzi/profil/spieler/531065,€800k,Bologna FC 1909,ITA,"May 29, 2001 (22)",Veenendaal,Morocco,"1,89 m",Defensive Midfield,Morocco U23,Jun-00,right,22,,,
Kacper Urbanski,/kacper-urbanski/profil/spieler/699442,€600k,Bologna FC 1909,ITA,"Sep 7, 2004 (19)",Gdańsk,Poland,"1,78 m",Defensive Midfield,Poland U21,0 / 0,right,19,,,
Lewis Ferguson,/lewis-ferguson/profil/spieler/428563,€12.00m,Bologna FC 1909,ITA,"Aug 24, 1999 (24)",Hamilton,Scotland,"1,81 m",Central Midfield,Scotland,May-00,right,24,,,
Remo Freuler,/remo-freuler/profil/spieler/148252,€8.00m,Bologna FC 1909,ITA,"Apr 15, 1992 (31)",Ennenda,Switzerland,"1,80 m",Central Midfield,Switzerland,57 / 7,right,31,,,
Giovanni Fabbian,/giovanni-fabbian/profil/spieler/633668,€6.00m,Bologna FC 1909,ITA,"Jan 14, 2003 (20)",Camposampiero,Italy,"1,86 m",Central Midfield,Italy U21,Jan-00,right,20,,,
Michel Aebischer,/michel-aebischer/profil/spieler/237658,€4.00m,Bologna FC 1909,ITA,"Jan 6, 1997 (26)",Fribourg,Switzerland,"1,83 m",Central Midfield,Switzerland,13 / 0,right,26,,,
Jesper Karlsson,/jesper-karlsson/profil/spieler/367992,€18.00m,Bologna FC 1909,ITA,"Jul 25, 1998 (25)",Falkenberg,Sweden,"1,79 m",Left Winger,Sweden,3-Dec,right,25,,,
Alexis Saelemaekers,/alexis-saelemaekers/profil/spieler/381950,€15.00m,Bologna FC 1909,ITA,"Jun 27, 1999 (24)",Berchem-Sainte-Agath...,Belgium,"1,80 m",Right Winger,,1-Nov,right,24,,Belgium,
Riccardo Orsolini,/riccardo-orsolini/profil/spieler/368482,€12.00m,Bologna FC 1909,ITA,"Jan 24, 1997 (26)",Ascoli Piceno,Italy,"1,83 m",Right Winger,Italy,2-Feb,left,26,,,
Dan Ndoye,/dan-ndoye/profil/spieler/365108,€3.50m,Bologna FC 1909,ITA,"Oct 25, 2000 (22)",Nyon,Switzerland,"1,84 m",Right Winger,Switzerland,Jan-00,right,22,,,
Joshua Zirkzee,/joshua-zirkzee/profil/spieler/435648,€9.00m,Bologna FC 1909,ITA,"May 22, 2001 (22)",Schiedam,Netherlands,"1,93 m",Centre-Forward,,19 / 7,right,22,,Netherlands U21,
Sydney van Hooijdonk,/sydney-van-hooijdonk/profil/spieler/439292,€6.00m,Bologna FC 1909,ITA,"Feb 6, 2000 (23)",Breda,Netherlands,"1,90 m",Centre-Forward,,Feb-00,right,23,,Netherlands U21,
Alessio Cragno,/alessio-cragno/profil/spieler/12907,€3.00m,US Sassuolo,ITA,"Jun 28, 1994 (29)",Fiesole,Italy,"1,84 m",Goalkeeper,,Feb-00,right,29,Italy,,
Andrea Consigli,/andrea-consigli/profil/spieler/35865,€1.00m,US Sassuolo,ITA,"Jan 27, 1987 (36)",Milano,Italy,"1,89 m",Goalkeeper,,0 / 0,right,36,Italy,,
Gianluca Pegolo,/gianluca-pegolo/profil/spieler/21872,€100k,US Sassuolo,ITA,"Mar 25, 1981 (42)",Bassano del Grappa,Italy,"1,83 m",Goalkeeper,,Mar-00,left,42,Italy U21,,
Mattia Viti,/mattia-viti/profil/spieler/493702,€7.00m,US Sassuolo,ITA,"Jan 24, 2002 (21)",Borgo San Lorenzo,Italy,"1,90 m",Centre-Back,,Jun-00,left,21,,Italy U21,
Martin Erlic,/martin-erlic/profil/spieler/357003,€5.00m,US Sassuolo,ITA,"Jan 24, 1998 (25)",Zadar,Croatia,"1,93 m",Centre-Back,Croatia,Jun-00,right,25,,,
Ruan Tressoldi,/ruan-tressoldi/profil/spieler/555015,€4.50m,US Sassuolo,ITA,"Jun 7, 1999 (24)",Tramandaí,Brazil,"1,87 m",Centre-Back,,,right,24,,,
Gian Marco Ferrari,/gian-marco-ferrari/profil/spieler/277167,€2.00m,US Sassuolo,ITA,"May 15, 1992 (31)",Parma,Italy,"1,89 m",Centre-Back,,1-Jan,left,31,Italy,,
Matías Viña,/matias-vina/profil/spieler/439072,€8.00m,US Sassuolo,ITA,"Nov 9, 1997 (25)",Empalme Olmos,Uruguay,"1,80 m",Left-Back,Uruguay,31 / 0,left,25,,,
Marcus Pedersen,/marcus-pedersen/profil/spieler/583404,€7.00m,US Sassuolo,ITA,"Jul 16, 2000 (23)",Hammerfest,Norway,"1,84 m",Right-Back,Norway,19 / 0,right,23,,,Team Raiola
Jeremy Toljan,/jeremy-toljan/profil/spieler/129674,€4.50m,US Sassuolo,ITA,"Aug 8, 1994 (29)",Stuttgart,Germany,"1,82 m",Right-Back,,18 / 1,right,29,Germany U21,,
Filippo Missori,/filippo-missori/profil/spieler/650993,€800k,US Sassuolo,ITA,"Mar 24, 2004 (19)",Roma,Italy,"1,82 m",Right-Back,,13 / 1,right,19,,Italy U19,
Luca Lipani,/luca-lipani/profil/spieler/724106,€400k,US Sassuolo,ITA,"May 18, 2005 (18)",Genova,Italy,"1,85 m",Defensive Midfield,Italy U20,Apr-00,right,18,,,
Matheus Henrique,/matheus-henrique/profil/spieler/552549,€10.00m,US Sassuolo,ITA,"Dec 19, 1997 (25)",São Paulo,Brazil,"1,75 m",Central Midfield,,Jan-00,right,25,Brazil,,
Uros Racic,/uros-racic/profil/spieler/417575,€6.50m,US Sassuolo,ITA,"Mar 17, 1998 (25)",Kraljevo,Serbia,"1,93 m",Central Midfield,Serbia,Dec-00,na,25,,,
Daniel Boloca,/daniel-boloca/profil/spieler/441515,€3.50m,US Sassuolo,ITA,"Dec 22, 1998 (24)",Chieri,Romania,"1,85 m",Central Midfield,,Jan-00,right,24,,Romania,
Pedro Obiang,/pedro-obiang/profil/spieler/101213,€800k,US Sassuolo,ITA,"Mar 27, 1992 (31)",Alcalá de Henares,Equatorial Guinea,"1,86 m",Central Midfield,,14 / 3,right,31,,Equat. Guinea,
Nedim Bajrami,/nedim-bajrami/profil/spieler/390177,€7.50m,US Sassuolo,ITA,"Feb 28, 1999 (24)",Zürich,Albania,"1,79 m",Attacking Midfield,Albania,15 / 3,right,24,,,
Kristian Thorstvedt,/kristian-thorstvedt/profil/spieler/564785,€7.50m,US Sassuolo,ITA,"Mar 13, 1999 (24)",Stavanger,Norway,"1,89 m",Attacking Midfield,,21 / 4,left,24,,Norway,
Cristian Volpato,/cristian-volpato/profil/spieler/746891,€3.00m,US Sassuolo,ITA,"Nov 15, 2003 (19)",Camperdown,Italy,"1,87 m",Attacking Midfield,,Jan-00,left,19,,Italy U21,
Armand Laurienté,/armand-lauriente/profil/spieler/579930,€18.00m,US Sassuolo,ITA,"Dec 4, 1998 (24)",Gonesse,France,"1,71 m",Left Winger,,Feb-00,right,24,France U21,,
Emil Konradsen Ceide,/emil-konradsen-ceide/profil/spieler/508371,€2.50m,US Sassuolo,ITA,"Sep 3, 2001 (22)",Finnsnes,Norway,"1,75 m",Left Winger,,14 / 5,right,22,,Norway U21,
Domenico Berardi,/domenico-berardi/profil/spieler/177843,€18.00m,US Sassuolo,ITA,"Aug 1, 1994 (29)",Cariati,Italy,"1,83 m",Right Winger,,25 / 6,left,29,,Italy,
Samu Castillejo,/samu-castillejo/profil/spieler/195171,€6.00m,US Sassuolo,ITA,"Jan 18, 1995 (28)",Málaga,Spain,"1,82 m",Right Winger,,Apr-00,left,28,Spain U21,,CAA Stellar
Andrea Pinamonti,/andrea-pinamonti/profil/spieler/315865,€15.00m,US Sassuolo,ITA,"May 19, 1999 (24)",Cles,Italy,"1,85 m",Centre-Forward,,Jan-00,right,24,,Italy,Team Raiola
Agustín Álvarez,/agustin-alvarez/profil/spieler/812625,€8.00m,US Sassuolo,ITA,"May 19, 2001 (22)",San Bautista,Uruguay,"1,77 m",Centre-Forward,,1-Apr,right,22,Uruguay,,
Samuele Mulattieri,/samuele-mulattieri/profil/spieler/457422,€4.50m,US Sassuolo,ITA,"Oct 7, 2000 (22)",La Spezia,Italy,"1,83 m",Centre-Forward,,3-May,right,22,,Italy U21,
Grégoire Defrel,/gregoire-defrel/profil/spieler/163222,€1.50m,US Sassuolo,ITA,"Jun 17, 1991 (32)",Meudon,France,"1,79 m",Centre-Forward,,0 / 0,left,32,Martinique,,
Marco Silvestri,/marco-silvestri/profil/spieler/85528,€5.00m,Udinese Calcio,ITA,"Mar 2, 1991 (32)",Castelnovo né Monti,Italy,"1,91 m",Goalkeeper,,0 / 0,right,32,Italy,,Team Raiola
Maduka Okoye,/maduka-okoye/profil/spieler/340353,€2.00m,Udinese Calcio,ITA,"Aug 28, 1999 (24)",Düsseldorf,Nigeria,"1,97 m",Goalkeeper,,16 / 0,right,24,,Nigeria,
Daniele Padelli,/daniele-padelli/profil/spieler/27807,€200k,Udinese Calcio,ITA,"Oct 25, 1985 (37)",Lecco,Italy,"1,91 m",Goalkeeper,,0 / 0,right,37,Italy,,
Nehuén Pérez,/nehuen-perez/profil/spieler/491693,€10.00m,Udinese Calcio,ITA,"Jun 24, 2000 (23)",Hurlingham,Argentina,"1,84 m",Centre-Back,,Jan-00,right,23,,Argentina,Universal Twenty Two
Jaka Bijol,/jaka-bijol/profil/spieler/371851,€10.00m,Udinese Calcio,ITA,"Feb 5, 1999 (24)",Vuzenica,Slovenia,"1,90 m",Centre-Back,Slovenia,40 / 1,right,24,,,
Enzo Ebosse,/enzo-ebosse/profil/spieler/342877,€4.50m,Udinese Calcio,ITA,"Mar 11, 1999 (24)",Amiens,Cameroon,"1,85 m",Centre-Back,,Mar-00,left,24,,Cameroon,
Adam Masina,/adam-masina/profil/spieler/286949,€2.50m,Udinese Calcio,ITA,"Jan 2, 1994 (29)",Khouribga,Morocco,"1,91 m",Centre-Back,,16 / 0,left,29,Morocco,,
Christian Kabasele,/christian-kabasele/profil/spieler/81512,€1.00m,Udinese Calcio,ITA,"Feb 24, 1991 (32)",Lubumbashi,Belgium,"1,87 m",Centre-Back,,Feb-00,right,32,Belgium,,
Thomas Kristensen,/thomas-kristensen/profil/spieler/698259,€700k,Udinese Calcio,ITA,"Jan 17, 2002 (21)",Aarhus,Denmark,"1,98 m",Centre-Back,,Apr-00,right,21,,Denmark U21,
Axel Guessand,/axel-guessand/profil/spieler/925584,€250k,Udinese Calcio,ITA,"Nov 6, 2004 (18)",Schiltigheim,France,"1,84 m",Centre-Back,,Feb-00,left,18,France U18,,CAA Stellar
Antonio Tikvic,/antonio-tikvic/profil/spieler/797791,€150k,Udinese Calcio,ITA,"Apr 21, 2004 (19)",Hamburg,Croatia,"1,95 m",Centre-Back,Croatia U21,0 / 0,left,19,,,
Hassane Kamara,/hassane-kamara/profil/spieler/290017,€8.00m,Udinese Calcio,ITA,"Mar 5, 1994 (29)",Saint-Denis,Cote d'Ivoire,"1,70 m",Left-Back,,Jul-00,left,29,Ivory Coast,,
Jordan Zemura,/jordan-zemura/profil/spieler/633530,€6.00m,Udinese Calcio,ITA,"Nov 14, 1999 (23)",London,Zimbabwe,"1,73 m",Left-Back,Zimbabwe,Jun-00,left,23,,,
Festy Ebosele,/festy-ebosele/profil/spieler/586756,€3.50m,Udinese Calcio,ITA,"Aug 2, 2002 (21)","Enniscorthy, Wexford",Ireland,"1,80 m",Right-Back,Ireland,0 / 0,right,21,,,
Kingsley Ehizibue,/kingsley-ehizibue/profil/spieler/272812,€2.50m,Udinese Calcio,ITA,"May 25, 1995 (28)",München,Netherlands,"1,89 m",Right-Back,,Jan-00,right,28,Netherlands U21,,
João Ferreira,/joao-ferreira/profil/spieler/481623,€400k,Udinese Calcio,ITA,"Mar 22, 2001 (22)",Vila do Conde,Portugal,"1,85 m",Right-Back,,0 / 0,right,22,Portugal U20,,MRP.POSITIONUMBER
Walace,/walace/profil/spieler/323954,€7.00m,Udinese Calcio,ITA,"Apr 4, 1995 (28)",Salvador,Brazil,"1,88 m",Defensive Midfield,,May-00,right,28,Brazil,,
Etienne Camara,/etienne-camara/profil/spieler/854325,€500k,Udinese Calcio,ITA,"Mar 30, 2003 (20)",Noisy-le-Grand,France,"1,91 m",Defensive Midfield,,Jan-00,left,20,,France U20,Classico
Lazar Samardzic,/lazar-samardzic/profil/spieler/528833,€14.00m,Udinese Calcio,ITA,"Feb 24, 2002 (21)",Berlin,Serbia,"1,84 m",Central Midfield,Serbia,Mar-00,left,21,,,
Sandi Lovrić,/sandi-lovri%C4%87/profil/spieler/268429,€10.00m,Udinese Calcio,ITA,"Mar 28, 1998 (25)",Lienz,Slovenia,"1,80 m",Central Midfield,Slovenia,29 / 3,right,25,,,Universal Twenty Two
Martín Payero,/martin-payero/profil/spieler/555820,€3.50m,Udinese Calcio,ITA,"Sep 11, 1998 (25)",Pascanas,Argentina,"1,82 m",Central Midfield,,Feb-00,right,25,Argentina U23,,Hernan Berman
Oier Zarraga,/oier-zarraga/profil/spieler/524010,€3.00m,Udinese Calcio,ITA,"Jan 4, 1999 (24)",Getxo,Spain,"1,75 m",Central Midfield,,,right,24,,,
Domingos Quina,/domingos-quina/profil/spieler/391719,€1.80m,Udinese Calcio,ITA,"Nov 18, 1999 (23)",Bissau,Portugal,"1,73 m",Central Midfield,,Mar-00,right,23,Portugal U21,,
Marco Ballarini,/marco-ballarini/profil/spieler/465279,€125k,Udinese Calcio,ITA,"Mar 28, 2001 (22)",Gorizia,Italy,"1,86 m",Central Midfield,,,right,22,,,
Simone Pafundi,/simone-pafundi/profil/spieler/876400,€8.00m,Udinese Calcio,ITA,"Mar 14, 2006 (17)",Monfalcone,Italy,"1,66 m",Attacking Midfield,Italy U20,1-May,left,17,,,
David Pejičić,/david-peji%C4%8Di%C4%87/profil/spieler/1009633,€500k,Udinese Calcio,ITA,"Jun 14, 2007 (16)",,Slovenia,,Attacking Midfield,,1-Aug,right,16,,Slovenia U17,
Marley Aké,/marley-ake/profil/spieler/682032,€1.80m,Udinese Calcio,ITA,"Jan 5, 2001 (22)",Béziers,France,"1,77 m",Left Winger,,Jan-00,right,22,France U19,,
Florian Thauvin,/florian-thauvin/profil/spieler/184892,€3.50m,Udinese Calcio,ITA,"Jan 26, 1993 (30)",Orléans,France,"1,81 m",Right Winger,,1-Oct,left,30,France,,
Gerard Deulofeu,/gerard-deulofeu/profil/spieler/129476,€10.00m,Udinese Calcio,ITA,"Mar 13, 1994 (29)",Riudarenes,Spain,"1,77 m",Centre-Forward,,1-Apr,right,29,Spain,,
Brenner,/brenner/profil/spieler/412366,€8.00m,Udinese Calcio,ITA,"Jan 16, 2000 (23)",Cuiabá,Brazil,"1,75 m",Centre-Forward,,0 / 0,right,23,Brazil U20,,
Lorenzo Lucca,/lorenzo-lucca/profil/spieler/572265,€5.00m,Udinese Calcio,ITA,"Sep 10, 2000 (23)",Moncalieri,Italy,"2,01 m",Centre-Forward,,2-Jun,right,23,,Italy U21,
Isaac Success,/isaac-success/profil/spieler/295331,€4.00m,Udinese Calcio,ITA,"Jan 7, 1996 (27)",Benin City,Nigeria,"1,82 m",Centre-Forward,,Apr-00,right,27,Nigeria,,11MANGMT
Keinan Davis,/keinan-davis/profil/spieler/412660,€3.00m,Udinese Calcio,ITA,"Feb 13, 1998 (25)",Stevenage,England,"1,89 m",Centre-Forward,,2-Mar,left,25,England U20,,
Vivaldo,/vivaldo/profil/spieler/1014243,€500k,Udinese Calcio,ITA,"Jan 28, 2005 (18)",,Portugal,"1,92 m",Centre-Forward,Portugal U19,Jan-00,left,18,,,
Sekou Diawara,/sekou-diawara/profil/spieler/654949,€300k,Udinese Calcio,ITA,"Feb 8, 2004 (19)",Deinze,Belgium,"1,87 m",Centre-Forward,,3-Mar,left,19,,Belgium U19,
Josep Martínez,/josep-martinez/profil/spieler/388516,€3.50m,Genoa CFC,ITA,"May 27, 1998 (25)",Alzira,Spain,"1,91 m",Goalkeeper,,Jan-00,right,25,Spain,,
Nicola Leali,/nicola-leali/profil/spieler/136111,€900k,Genoa CFC,ITA,"Feb 17, 1993 (30)",Castiglione delle ...,Italy,"1,88 m",Goalkeeper,,Jan-00,right,30,Italy U21,,
Daniele Sommariva,/daniele-sommariva/profil/spieler/312773,€100k,Genoa CFC,ITA,"Jul 18, 1997 (26)",Genova,Italy,"1,85 m",Goalkeeper,,,right,26,,,
Radu Dragusin,/radu-dragusin/profil/spieler/568559,€8.00m,Genoa CFC,ITA,"Feb 3, 2002 (21)",Bukarest,Romania,"1,91 m",Centre-Back,Romania,Aug-00,right,21,,,
Koni De Winter,/koni-de-winter/profil/spieler/490384,€4.00m,Genoa CFC,ITA,"Jun 12, 2002 (21)",Antwerpen,Belgium,"1,91 m",Centre-Back,Belgium U21,14 / 0,right,21,,,
Johan Vásquez,/johan-vasquez/profil/spieler/532937,€3.60m,Genoa CFC,ITA,"Oct 22, 1998 (24)",Navojoa,Mexico,"1,85 m",Centre-Back,Mexico,15 / 1,left,24,,,
Alan Matturro,/alan-matturro/profil/spieler/861981,€2.50m,Genoa CFC,ITA,"Oct 11, 2004 (18)",Montevideo,Uruguay,"1,89 m",Centre-Back,Uruguay U20,1-Sep,left,18,,,
Alessandro Vogliacco,/alessandro-vogliacco/profil/spieler/330208,€2.00m,Genoa CFC,ITA,"Sep 14, 1998 (24)",Acquaviva delle ...,Italy,"1,86 m",Centre-Back,,Mar-00,right,24,Italy U21,,
Mattia Bani,/mattia-bani/profil/spieler/176139,€1.70m,Genoa CFC,ITA,"Dec 10, 1993 (29)",Borgo San Lorenzo,Italy,"1,88 m",Centre-Back,,0 / 0,right,29,Italy U18,,
Aarón Martín,/aaron-martin/profil/spieler/251878,€7.00m,Genoa CFC,ITA,"Apr 22, 1997 (26)",Montmeló,Spain,"1,80 m",Left-Back,,Dec-00,left,26,Spain U21,,
Ridgeciano Haps,/ridgeciano-haps/profil/spieler/228444,€1.00m,Genoa CFC,ITA,"Jun 12, 1993 (30)",Utrecht,Suriname,"1,75 m",Left-Back,,Sep-00,left,30,,Suriname,SEG
Silvan Hefti,/silvan-hefti/profil/spieler/237666,€3.40m,Genoa CFC,ITA,"Oct 25, 1997 (25)",Rorschach,Switzerland,"1,82 m",Right-Back,,Oct-00,right,25,Switzerland U21,,Soccer Mondial AG
Stefano Sabelli,/stefano-sabelli/profil/spieler/167491,€1.20m,Genoa CFC,ITA,"Jan 13, 1993 (30)",Roma,Italy,"1,76 m",Right-Back,,Oct-00,right,30,Italy U21,,
Milan Badelj,/milan-badelj/profil/spieler/40633,€800k,Genoa CFC,ITA,"Feb 25, 1989 (34)",Zagreb,Croatia,"1,86 m",Defensive Midfield,,55 / 2,right,34,Croatia,,
Morten Thorsby,/morten-thorsby/profil/spieler/226524,€5.50m,Genoa CFC,ITA,"May 5, 1996 (27)",Oslo,Norway,"1,88 m",Central Midfield,,17 / 0,right,27,,Norway,
Morten Frendrup,/morten-frendrup/profil/spieler/503871,€4.20m,Genoa CFC,ITA,"Apr 7, 2001 (22)",Holbæk,Denmark,"1,78 m",Central Midfield,,1-Nov,right,22,,Denmark U21,
Berkan Kutlu,/berkan-kutlu/profil/spieler/469787,€4.00m,Genoa CFC,ITA,"Jan 25, 1998 (25)",Monthey,Turkey,"1,86 m",Central Midfield,,Jul-00,left,25,,Turkey,Cenk Melih Yazıcı
Pablo Galdames,/pablo-galdames/profil/spieler/313830,€2.30m,Genoa CFC,ITA,"Dec 30, 1996 (26)",Santiago de Chile,Chile,"1,76 m",Central Midfield,,Aug-00,right,26,Chile,,
Filip Jagiello,/filip-jagiello/profil/spieler/242813,€1.40m,Genoa CFC,ITA,"Aug 8, 1997 (26)",Lubin,Poland,"1,80 m",Central Midfield,,1-Sep,na,26,Poland U21,,
Kevin Strootman,/kevin-strootman/profil/spieler/68864,€1.30m,Genoa CFC,ITA,"Feb 13, 1990 (33)",Ridderkerk,Netherlands,"1,86 m",Central Midfield,,46 / 3,left,33,Netherlands,,SEG
Léandre Kuavita,/leandre-kuavita/profil/spieler/723485,€500k,Genoa CFC,ITA,"May 31, 2004 (19)",,Belgium,,Central Midfield,,Apr-00,left,19,,Belgium U19,
Ruslan Malinovskyi,/ruslan-malinovskyi/profil/spieler/207877,€15.00m,Genoa CFC,ITA,"May 4, 1993 (30)",Zhytomyr,Ukraine,"1,81 m",Attacking Midfield,,55 / 7,left,30,,Ukraine,ProStar
Albert Gudmundsson,/albert-gudmundsson/profil/spieler/305947,€4.50m,Genoa CFC,ITA,"Jun 15, 1997 (26)",Reykjavík,Iceland,"1,77 m",Left Winger,,35 / 6,right,26,,Iceland,GG11
Junior Messias,/junior-messias/profil/spieler/449151,€4.50m,Genoa CFC,ITA,"May 13, 1991 (32)",Belo Horizonte,Brazil,"1,74 m",Right Winger,,,left,32,,,GG11
Mateo Retegui,/mateo-retegui/profil/spieler/554903,€16.00m,Genoa CFC,ITA,"Apr 29, 1999 (24)",San Fernando,Italy,"1,86 m",Centre-Forward,Italy,2-Mar,right,24,,,
George Puscas,/george-puscas/profil/spieler/208690,€2.50m,Genoa CFC,ITA,"Apr 8, 1996 (27)",Marghita,Romania,"1,88 m",Centre-Forward,Romania,37 / 10,right,27,,,
Caleb Ekuban,/caleb-ekuban/profil/spieler/199953,€1.30m,Genoa CFC,ITA,"Mar 23, 1994 (29)",Villafranca di ...,Ghana,"1,82 m",Centre-Forward,,13 / 3,right,29,Ghana,,
Guillermo Ochoa,/guillermo-ochoa/profil/spieler/29559,€1.50m,US Salernitana 1919,ITA,"Jul 13, 1985 (38)",Guadalajara,Mexico,"1,83 m",Goalkeeper,Mexico,145 / 0,right,38,,,
Benoît Costil,/benoit-costil/profil/spieler/22628,€1.00m,US Salernitana 1919,ITA,"Jul 3, 1987 (36)",Caen,France,"1,88 m",Goalkeeper,,Jan-00,right,36,France,,
Vincenzo Fiorillo,/vincenzo-fiorillo/profil/spieler/55000,€200k,US Salernitana 1919,ITA,"Jan 13, 1990 (33)",Genova,Italy,"1,90 m",Goalkeeper,,Mar-00,left,33,Italy U21,,
Flavius Daniliuc,/flavius-daniliuc/profil/spieler/322655,€8.00m,US Salernitana 1919,ITA,"Apr 27, 2001 (22)",Wien,Austria,"1,88 m",Centre-Back,,Jan-00,right,22,,Austria,Sports360 GmbH
Lorenzo Pirola,/lorenzo-pirola/profil/spieler/487834,€8.00m,US Salernitana 1919,ITA,"Feb 20, 2002 (21)",Carate Brianza,Italy,"1,88 m",Centre-Back,Italy U21,2-Dec,left,21,,,
Matteo Lovato,/matteo-lovato/profil/spieler/459655,€6.00m,US Salernitana 1919,ITA,"Feb 14, 2000 (23)",Monselice,Italy,"1,88 m",Centre-Back,,15 / 1,right,23,,Italy U21,
Dylan Bronn,/dylan-bronn/profil/spieler/450417,€2.50m,US Salernitana 1919,ITA,"Jun 19, 1995 (28)",Cannes,Tunisia,"1,86 m",Centre-Back,,38 / 2,right,28,,Tunisia,
Norbert Gyomber,/norbert-gyomber/profil/spieler/205054,€1.50m,US Salernitana 1919,ITA,"Jul 3, 1992 (31)",Revúca,Slovakia,"1,89 m",Centre-Back,Slovakia,32 / 0,right,31,,,
Federico Fazio,/federico-fazio/profil/spieler/45314,€400k,US Salernitana 1919,ITA,"Mar 17, 1987 (36)",Buenos Aires,Argentina,"1,95 m",Centre-Back,,1-Oct,right,36,Argentina,,Team Raiola
Domagoj Bradaric,/domagoj-bradaric/profil/spieler/357796,€7.00m,US Salernitana 1919,ITA,"Dec 10, 1999 (23)",Split,Croatia,"1,78 m",Left-Back,,Apr-00,left,23,Croatia,,
Pasquale Mazzocchi,/pasquale-mazzocchi/profil/spieler/250153,€4.80m,US Salernitana 1919,ITA,"Jul 27, 1995 (28)",Napoli,Italy,"1,83 m",Right-Back,,Jan-00,right,28,,Italy,
Junior Sambia,/junior-sambia/profil/spieler/335147,€3.50m,US Salernitana 1919,ITA,"Sep 7, 1996 (27)",Lyon,France,"1,85 m",Right-Back,,,right,27,,,
Mateusz Legowski,/mateusz-legowski/profil/spieler/570466,€1.80m,US Salernitana 1919,ITA,"Jan 29, 2003 (20)",Brodnica,Poland,"1,81 m",Defensive Midfield,Poland U21,Jul-00,right,20,,,
Giulio Maggiore,/giulio-maggiore/profil/spieler/353796,€5.50m,US Salernitana 1919,ITA,"Mar 12, 1998 (25)",Genova,Italy,"1,84 m",Central Midfield,,1-Aug,right,25,Italy U21,,
Lassana Coulibaly,/lassana-coulibaly/profil/spieler/386552,€5.00m,US Salernitana 1919,ITA,"Apr 10, 1996 (27)",Bamako,Mali,"1,83 m",Central Midfield,Mali,33 / 0,right,27,,,
Emil Bohinen,/emil-bohinen/profil/spieler/406806,€3.40m,US Salernitana 1919,ITA,"Mar 12, 1999 (24)",Derby,Norway,"1,89 m",Central Midfield,,1-Oct,left,24,Norway U21,,
Grigoris Kastanos,/grigoris-kastanos/profil/spieler/298635,€1.80m,US Salernitana 1919,ITA,"Jan 30, 1998 (25)",Sotira,Cyprus,"1,79 m",Central Midfield,Cyprus,44 / 3,left,25,,,
Antonio Candreva,/antonio-candreva/profil/spieler/25488,€1.50m,US Salernitana 1919,ITA,"Feb 28, 1987 (36)",Roma,Italy,"1,80 m",Right Midfield,,54 / 7,right,36,Italy,,
Agustín Martegani,/agustin-martegani/profil/spieler/732507,€2.00m,US Salernitana 1919,ITA,"May 20, 2000 (23)",Rojas,Argentina,"1,85 m",Attacking Midfield,,,left,23,,,
Jovane,/jovane/profil/spieler/448466,€3.50m,US Salernitana 1919,ITA,"Jun 14, 1998 (25)",Assomada,Cape Verde,"1,74 m",Left Winger,,1-Jun,right,25,,Cape Verde,
Loum Tchaouna,/loum-tchaouna/profil/spieler/607226,€1.80m,US Salernitana 1919,ITA,"Sep 8, 2003 (20)",N'Djamena,France,"1,80 m",Right Winger,,3-Aug,left,20,,France U20,
Boulaye Dia,/boulaye-dia/profil/spieler/626913,€25.00m,US Salernitana 1919,ITA,"Nov 16, 1996 (26)",Oyonnax,Senegal,"1,80 m",Centre-Forward,,25 / 6,right,26,,Senegal,VV Consulting
Erik Botheim,/erik-botheim/profil/spieler/418559,€3.50m,US Salernitana 1919,ITA,"Jan 10, 2000 (23)",Oslo,Norway,"1,85 m",Centre-Forward,,17 / 3,right,23,,Norway U21,
Simy,/simy/profil/spieler/194549,€600k,US Salernitana 1919,ITA,"May 7, 1992 (31)",Lagos,Nigeria,"1,98 m",Centre-Forward,,Apr-00,right,31,Nigeria,,
Chukwubuikem Ikwuemesi,/chukwubuikem-ikwuemesi/profil/spieler/929494,€500k,US Salernitana 1919,ITA,"Aug 5, 2001 (22)",,Nigeria,"1,95 m",Centre-Forward,,0 / 0,right,22,Nigeria U20,,
Trivante Stewart,/trivante-stewart/profil/spieler/880054,€100k,US Salernitana 1919,ITA,"Mar 22, 2000 (23)",Spanish Town,Jamaica,,Centre-Forward,,Mar-00,,23,,Jamaica,
Michele Di Gregorio,/michele-di-gregorio/profil/spieler/301238,€8.00m,AC Monza,ITA,"Jul 27, 1997 (26)",Milano,Italy,"1,87 m",Goalkeeper,,Jan-00,right,26,Italy U17,,
Stefano Gori,/stefano-gori/profil/spieler/244491,€900k,AC Monza,ITA,"Mar 9, 1996 (27)",Brescia,Italy,"1,85 m",Goalkeeper,,Jan-00,right,27,Italy U19,,
Alessandro Sorrentino,/alessandro-sorrentino/profil/spieler/542588,€500k,AC Monza,ITA,"Apr 3, 2002 (21)",Guardiagrele,Italy,"1,90 m",Goalkeeper,,Jan-00,right,21,,Italy U21,
Eugenio Lamanna,/eugenio-lamanna/profil/spieler/85240,€100k,AC Monza,ITA,"Aug 7, 1989 (34)",Como,Italy,"1,87 m",Goalkeeper,,,right,34,,,
Pablo Marí,/pablo-mari/profil/spieler/210178,€5.00m,AC Monza,ITA,"Aug 31, 1993 (30)",Almussafes,Spain,"1,93 m",Centre-Back,,,left,30,,,
Andrea Carboni,/andrea-carboni/profil/spieler/481834,€4.00m,AC Monza,ITA,"Feb 4, 2001 (22)",Sorgono,Italy,"1,87 m",Centre-Back,,Feb-00,left,22,,Italy U21,
Armando Izzo,/armando-izzo/profil/spieler/32113,€3.00m,AC Monza,ITA,"Mar 2, 1992 (31)",Napoli,Italy,"1,83 m",Centre-Back,,Mar-00,right,31,Italy,,
Giorgio Cittadini,/giorgio-cittadini/profil/spieler/616628,€3.00m,AC Monza,ITA,"Apr 18, 2002 (21)",Gardone Val Trompia,Italy,"1,93 m",Centre-Back,Italy U21,Feb-00,right,21,,,
Luca Caldirola,/luca-caldirola/profil/spieler/88680,€1.50m,AC Monza,ITA,"Feb 1, 1991 (32)",Desio,Italy,"1,86 m",Centre-Back,,31 / 1,left,32,Italy U21,,
Danilo D'Ambrosio,/danilo-dambrosio/profil/spieler/55769,€1.50m,AC Monza,ITA,"Sep 9, 1988 (35)",Napoli,Italy,"1,80 m",Centre-Back,,Jun-00,right,35,Italy,,
Davide Bettella,/davide-bettella/profil/spieler/357995,€1.40m,AC Monza,ITA,"Apr 7, 2000 (23)",Padova,Italy,"1,85 m",Centre-Back,,Mar-00,right,23,Italy U21,,
Georgios Kyriakopoulos,/georgios-kyriakopoulos/profil/spieler/311178,€3.80m,AC Monza,ITA,"Feb 5, 1996 (27)",Patras,Greece,"1,86 m",Left-Back,,Jul-00,left,27,,Greece,
Franco Carboni,/franco-carboni/profil/spieler/731491,€1.00m,AC Monza,ITA,"Apr 4, 2003 (20)",Buenos Aires,Argentina,"1,90 m",Left-Back,,0 / 0,left,20,Argentina,,
Samuele Birindelli,/samuele-birindelli/profil/spieler/461019,€2.30m,AC Monza,ITA,"Jul 19, 1999 (24)",Pisa,Italy,"1,76 m",Right-Back,,Jan-00,right,24,Italy U21,,
Pedro Pereira,/pedro-pereira/profil/spieler/314965,€2.00m,AC Monza,ITA,"Jan 22, 1998 (25)",Vendas Novas,Portugal,"1,85 m",Right-Back,,May-00,right,25,Portugal U21,,
Matteo Pessina,/matteo-pessina/profil/spieler/332179,€15.00m,AC Monza,ITA,"Apr 21, 1997 (26)",Monza,Italy,"1,87 m",Central Midfield,Italy,16 / 5,left,26,,,
Roberto Gagliardini,/roberto-gagliardini/profil/spieler/197471,€4.00m,AC Monza,ITA,"Apr 7, 1994 (29)",Bergamo,Italy,"1,88 m",Central Midfield,,Jul-00,right,29,Italy,,
Andrea Colpani,/andrea-colpani/profil/spieler/392959,€4.00m,AC Monza,ITA,"May 11, 1999 (24)",Brescia,Italy,"1,84 m",Central Midfield,,1-Mar,left,24,Italy U21,,
José Machín,/jose-machin/profil/spieler/355104,€1.50m,AC Monza,ITA,"Aug 14, 1996 (27)",Bata,Equatorial Guinea,"1,84 m",Central Midfield,,20 / 0,right,27,Equat. Guinea,,Team Raiola
Jean-Daniel Akpa Akpro,/jean-daniel-akpa-akpro/profil/spieler/170481,€1.50m,AC Monza,ITA,"Oct 11, 1992 (30)",Toulouse,Cote d'Ivoire,"1,80 m",Central Midfield,,17 / 0,right,30,Ivory Coast,,
Warren Bondo,/warren-bondo/profil/spieler/659516,€700k,AC Monza,ITA,"Sep 15, 2003 (19)",Évry,France,"1,77 m",Central Midfield,,May-00,right,19,,France U20,
Valentín Carboni,/valentin-carboni/profil/spieler/787618,€5.00m,AC Monza,ITA,"Mar 5, 2005 (18)",Buenos Aires,Argentina,"1,85 m",Attacking Midfield,Argentina U20,Feb-00,left,18,,,
Samuele Vignato,/samuele-vignato/profil/spieler/650966,€600k,AC Monza,ITA,"Feb 24, 2004 (19)",Fumane,Italy,"1,72 m",Attacking Midfield,,16 / 7,right,19,,Italy U19,
Patrick Ciurria,/patrick-ciurria/profil/spieler/255838,€5.00m,AC Monza,ITA,"Feb 9, 1995 (28)",Sassuolo,Italy,"1,78 m",Right Winger,,Mar-00,na,28,Italy U20,,
Gianluca Caprari,/gianluca-caprari/profil/spieler/146752,€8.00m,AC Monza,ITA,"Jul 30, 1993 (30)",Roma,Italy,"1,71 m",Second Striker,,Jan-00,right,30,Italy,,
Dany Mota,/dany-mota/profil/spieler/347253,€6.00m,AC Monza,ITA,"May 2, 1998 (25)",Niederkorn,Portugal,"1,80 m",Centre-Forward,,16 / 7,right,25,Portugal U21,,VV Consulting
Lorenzo Colombo,/lorenzo-colombo/profil/spieler/487843,€5.00m,AC Monza,ITA,"Mar 8, 2002 (21)",Vimercate,Italy,"1,83 m",Centre-Forward,Italy U21,19 / 4,left,21,,,
Mirko Maric,/mirko-maric/profil/spieler/215649,€800k,AC Monza,ITA,"May 16, 1995 (28)",Mostar,Croatia,"1,88 m",Centre-Forward,,Feb-00,left,28,Croatia,,VPA Sports
Elia Caprile,/elia-caprile/profil/spieler/421873,€4.00m,FC Empoli,ITA,"Aug 25, 2001 (22)",Verona,Italy,"1,91 m",Goalkeeper,,Feb-00,right,22,,Italy U21,
Samuele Perisan,/samuele-perisan/profil/spieler/301240,€800k,FC Empoli,ITA,"Aug 21, 1997 (26)",San Vito al ...,Italy,"1,92 m",Goalkeeper,,Feb-00,left,26,Italy U20,,
Etrit Berisha,/etrit-berisha/profil/spieler/77825,€400k,FC Empoli,ITA,"Mar 10, 1989 (34)",Prishtinë,Albania,"1,94 m",Goalkeeper,Albania,77 / 0,left,34,,,
Lovro Stubljar,/lovro-stubljar/profil/spieler/728516,€200k,FC Empoli,ITA,"Aug 9, 2004 (19)",,Slovenia,,Goalkeeper,,Mar-00,left,19,,Slovenia U19,
Ardian Ismajli,/ardian-ismajli/profil/spieler/435228,€3.50m,FC Empoli,ITA,"Sep 30, 1996 (26)","Majac, Besianë",Albania,"1,85 m",Centre-Back,Albania,34 / 2,right,26,,,
Sebastian Walukiewicz,/sebastian-walukiewicz/profil/spieler/345458,€3.00m,FC Empoli,ITA,"Apr 5, 2000 (23)",Gorzów Wielkopolski,Poland,"1,88 m",Centre-Back,,Mar-00,right,23,Poland,,
Sebastiano Luperto,/sebastiano-luperto/profil/spieler/278531,€3.00m,FC Empoli,ITA,"Sep 6, 1996 (27)",Lecce,Italy,"1,91 m",Centre-Back,,May-00,left,27,Italy U21,,
Gabriele Guarino,/gabriele-guarino/profil/spieler/745427,€800k,FC Empoli,ITA,"Apr 14, 2004 (19)",Molfetta,Italy,"1,86 m",Centre-Back,Italy U21,0 / 0,right,19,,,
Lorenzo Tonelli,/lorenzo-tonelli/profil/spieler/111347,€500k,FC Empoli,ITA,"Jan 17, 1990 (33)",Firenze,Italy,"1,83 m",Centre-Back,,0 / 0,right,33,Italy,,
Giuseppe Pezzella,/giuseppe-pezzella/profil/spieler/336960,€2.50m,FC Empoli,ITA,"Nov 29, 1997 (25)",Napoli,Italy,"1,87 m",Left-Back,,14 / 0,left,25,Italy U21,,
Liberato Cacace,/liberato-cacace/profil/spieler/469211,€2.00m,FC Empoli,ITA,"Sep 27, 2000 (22)",Wellington,New Zealand,"1,83 m",Left-Back,New Zealand,16 / 1,left,22,,,
Tyronne Ebuehi,/tyronne-ebuehi/profil/spieler/309944,€2.50m,FC Empoli,ITA,"Dec 16, 1995 (27)",Haarlem,Nigeria,"1,87 m",Right-Back,Nigeria,Nov-00,right,27,,,
Bartosz Bereszynski,/bartosz-bereszynski/profil/spieler/144143,€1.60m,FC Empoli,ITA,"Jul 12, 1992 (31)",Poznań,Poland,"1,83 m",Right-Back,Poland,52 / 0,right,31,,,
Alberto Grassi,/alberto-grassi/profil/spieler/197473,€2.00m,FC Empoli,ITA,"Mar 7, 1995 (28)",Lumezzane,Italy,"1,83 m",Defensive Midfield,,Dec-00,right,28,Italy U21,,
Razvan Marin,/razvan-marin/profil/spieler/295183,€8.00m,FC Empoli,ITA,"May 23, 1996 (27)",Bukarest,Romania,"1,78 m",Central Midfield,Romania,47 / 2,right,27,,,Pietro Chiodi ...
Simone Bastoni,/simone-bastoni/profil/spieler/257751,€6.50m,FC Empoli,ITA,"Nov 5, 1996 (26)",La Spezia,Italy,"1,81 m",Central Midfield,,1-Apr,left,26,Italy U19,,
Youssef Maleh,/youssef-maleh/profil/spieler/324377,€4.50m,FC Empoli,ITA,"Aug 22, 1998 (25)",Castel S. Pietro ...,Morocco,"1,79 m",Central Midfield,,Jan-00,left,25,,Morocco,
Jacopo Fazzini,/jacopo-fazzini/profil/spieler/691482,€3.50m,FC Empoli,ITA,"Mar 16, 2003 (20)",Massa,Italy,"1,78 m",Central Midfield,Italy U21,0 / 0,right,20,,,
Luca Belardinelli,/luca-belardinelli/profil/spieler/467994,€2.60m,FC Empoli,ITA,"Mar 14, 2001 (22)",Ravenna,Italy,"1,90 m",Central Midfield,,Jan-00,right,22,Italy U19,,
Filippo Ranocchia,/filippo-ranocchia/profil/spieler/489611,€1.80m,FC Empoli,ITA,"May 14, 2001 (22)",Perugia,Italy,"1,86 m",Central Midfield,,May-00,na,22,,Italy U21,
Tommaso Baldanzi,/tommaso-baldanzi/profil/spieler/641537,€15.00m,FC Empoli,ITA,"Mar 23, 2003 (20)",Poggibonsi,Italy,"1,70 m",Attacking Midfield,Italy U21,Jan-00,left,20,,,
Daniel Maldini,/daniel-maldini/profil/spieler/539134,€3.00m,FC Empoli,ITA,"Oct 11, 2001 (21)",Milano,Italy,"1,88 m",Attacking Midfield,,1-Mar,right,21,Italy U20,,
Viktor Kovalenko,/viktor-kovalenko/profil/spieler/203842,€1.50m,FC Empoli,ITA,"Feb 14, 1996 (27)",Kherson,Ukraine,"1,82 m",Attacking Midfield,,32 / 0,right,27,Ukraine,,ProStar
Nicolò Cambiaghi,/nicolo-cambiaghi/profil/spieler/459151,€8.00m,FC Empoli,ITA,"Dec 28, 2000 (22)",Monza,Italy,"1,73 m",Left Winger,,Sep-00,right,22,,Italy U21,
Emmanuel Gyasi,/emmanuel-gyasi/profil/spieler/241076,€2.00m,FC Empoli,ITA,"Jan 11, 1994 (29)",Palermo,Ghana,"1,81 m",Left Winger,,Mar-00,right,29,Ghana,,
Matteo Cancellieri,/matteo-cancellieri/profil/spieler/550106,€5.00m,FC Empoli,ITA,"Feb 12, 2002 (21)",Roma,Italy,"1,80 m",Right Winger,,4-Dec,left,21,,Italy U21,
Francesco Caputo,/francesco-caputo/profil/spieler/84765,€1.50m,FC Empoli,ITA,"Aug 6, 1987 (36)",Altamura,Italy,"1,81 m",Centre-Forward,,1-Feb,right,36,Italy,,
Stiven Shpendi,/stiven-shpendi/profil/spieler/931567,€1.40m,FC Empoli,ITA,"May 19, 2003 (20)",Ancona,Albania,"1,81 m",Centre-Forward,Albania U21,3-Jun,right,20,,,
Mattia Destro,/mattia-destro/profil/spieler/88683,€1.30m,FC Empoli,ITA,"Mar 20, 1991 (32)",Ascoli Piceno,Italy,"1,82 m",Centre-Forward,,1-Aug,right,32,Italy,,
Lorenzo Montipò,/lorenzo-montipo/profil/spieler/241923,€4.00m,Hellas Verona,ITA,"Feb 20, 1996 (27)",Novara,Italy,"1,91 m",Goalkeeper,,Jan-00,right,27,Italy U21,,
Simone Perilli,/simone-perilli/profil/spieler/240675,€200k,Hellas Verona,ITA,"Jan 7, 1995 (28)",Roma,Italy,"1,95 m",Goalkeeper,,Mar-00,right,28,Italy U16,,
Mattia Chiesa,/mattia-chiesa/profil/spieler/535881,€100k,Hellas Verona,ITA,"Jul 16, 2000 (23)",Rovereto,Italy,"1,90 m",Goalkeeper,,,right,23,,,
Alessandro Berardi,/alessandro-berardi/profil/spieler/127217,€50k,Hellas Verona,ITA,"Jan 16, 1991 (32)",Roma,Italy,"1,85 m",Goalkeeper,,,right,32,,,
Isak Hien,/isak-hien/profil/spieler/503075,€6.00m,Hellas Verona,ITA,"Jan 13, 1999 (24)",Kista,Sweden,"1,91 m",Centre-Back,Sweden,Jul-00,right,24,,,
Diego Coppola,/diego-coppola/profil/spieler/660860,€4.00m,Hellas Verona,ITA,"Dec 28, 2003 (19)",Verona,Italy,"1,92 m",Centre-Back,Italy U21,0 / 0,right,19,,,
Koray Günter,/koray-gunter/profil/spieler/115763,€3.50m,Hellas Verona,ITA,"Aug 16, 1994 (29)",Höxter,Germany,"1,86 m",Centre-Back,,Apr-00,right,29,Germany U20,,
Giangiacomo Magnani,/giangiacomo-magnani/profil/spieler/310458,€3.00m,Hellas Verona,ITA,"Oct 4, 1995 (27)",Correggio,Italy,"1,91 m",Centre-Back,,,right,27,,,
Pawel Dawidowicz,/pawel-dawidowicz/profil/spieler/248732,€3.00m,Hellas Verona,ITA,"May 20, 1995 (28)",Olsztyn,Poland,"1,89 m",Centre-Back,Poland,Aug-00,na,28,,,
Bruno Amione,/bruno-amione/profil/spieler/644676,€2.70m,Hellas Verona,ITA,"Jan 3, 2002 (21)",Calchaquí,Argentina,"1,87 m",Centre-Back,,0 / 0,left,21,Argentina U23,,
Juan Cabal,/juan-cabal/profil/spieler/686965,€2.50m,Hellas Verona,ITA,"Jan 8, 2001 (22)",Cali,Colombia,"1,86 m",Centre-Back,,0 / 0,left,22,Colombia U20,,VIDA 11
Josh Doig,/josh-doig/profil/spieler/567129,€8.00m,Hellas Verona,ITA,"May 18, 2002 (21)",Edinburgh,Scotland,"1,89 m",Left-Back,Scotland U21,Aug-00,left,21,,,
Davide Faraoni,/davide-faraoni/profil/spieler/73926,€3.00m,Hellas Verona,ITA,"Oct 25, 1991 (31)",Bracciano,Italy,"1,80 m",Right-Back,,Jul-00,right,31,Italy U21,,
Martin Hongla,/martin-hongla/profil/spieler/398808,€3.00m,Hellas Verona,ITA,"Mar 16, 1998 (25)",Yaoundé,Cameroon,"1,81 m",Defensive Midfield,,22 / 0,right,25,,Cameroon,
Charlys,/charlys/profil/spieler/1082519,€100k,Hellas Verona,ITA,"Feb 18, 2004 (19)",Maceió,Brazil,"1,86 m",Defensive Midfield,,,right,19,,,
Joselito,/joselito/profil/spieler/776737,€75k,Hellas Verona,ITA,"Feb 9, 2004 (19)",Huelva,Spain,"1,84 m",Defensive Midfield,,0 / 0,right,19,Spain U17,,
Suat Serdar,/suat-serdar/profil/spieler/261905,€4.50m,Hellas Verona,ITA,"Apr 11, 1997 (26)",Bingen,Germany,"1,84 m",Central Midfield,,Apr-00,right,26,Germany,,Sports360 GmbH
Michael Folorunsho,/michael-folorunsho/profil/spieler/377042,€2.50m,Hellas Verona,ITA,"Feb 7, 1998 (25)",Roma,Italy,"1,85 m",Central Midfield,,,right,25,,,
Filippo Terracciano,/filippo-terracciano/profil/spieler/631007,€1.50m,Hellas Verona,ITA,"Feb 8, 2003 (20)",Verona,Italy,"1,81 m",Right Midfield,,Jan-00,right,20,,Italy U21,
Darko Lazovic,/darko-lazovic/profil/spieler/70411,€2.50m,Hellas Verona,ITA,"Sep 15, 1990 (32)",Čačak,Serbia,"1,81 m",Left Midfield,,29 / 1,right,32,,Serbia,
Ondrej Duda,/ondrej-duda/profil/spieler/232418,€3.40m,Hellas Verona,ITA,"Dec 5, 1994 (28)",Snina,Slovakia,"1,81 m",Attacking Midfield,Slovakia,63 / 10,right,28,,,CAA Stellar
Tomas Suslov,/tomas-suslov/profil/spieler/540333,€2.00m,Hellas Verona,ITA,"Jun 7, 2002 (21)",Spišská Nová Ves,Slovakia,"1,73 m",Attacking Midfield,Slovakia,18 / 1,left,21,,,
Riccardo Saponara,/riccardo-saponara/profil/spieler/88909,€2.00m,Hellas Verona,ITA,"Dec 21, 1991 (31)",Forlì,Italy,"1,84 m",Attacking Midfield,,22 / 3,right,31,Italy U21,,
Ajdin Hrustic,/ajdin-hrustic/profil/spieler/265625,€1.50m,Hellas Verona,ITA,"Jul 5, 1996 (27)",Melbourne,Australia,"1,80 m",Attacking Midfield,,24 / 3,left,27,,Australia,
Cyril Ngonge,/cyril-ngonge/profil/spieler/358032,€2.00m,Hellas Verona,ITA,"May 26, 2000 (23)",Ukkel,Belgium,"1,79 m",Right Winger,,0 / 0,left,23,Belgium U21,,
Jackson Tchatchoua,/jackson-tchatchoua/profil/spieler/848509,€2.00m,Hellas Verona,ITA,"Sep 14, 2001 (21)",Ixelles,Belgium,"1,78 m",Right Winger,Cameroon U23,0 / 0,right,21,,,
Yayah Kallon,/yayah-kallon/profil/spieler/623040,€1.50m,Hellas Verona,ITA,"Jun 30, 2001 (22)",Koidu-Sefadu,Sierra Leone,"1,75 m",Right Winger,,0 / 0,left,22,Sierra Leone,,
Jordi Mboula,/jordi-mboula/profil/spieler/331498,€1.20m,Hellas Verona,ITA,"Mar 16, 1999 (24)",Granollers,Spain,"1,83 m",Right Winger,,0 / 0,right,24,Spain U21,,Universal Twenty Two
Thomas Henry,/thomas-henry/profil/spieler/412513,€4.00m,Hellas Verona,ITA,"Sep 20, 1994 (28)",Argenteuil,France,"1,91 m",Centre-Forward,,,right,28,,,
Federico Bonazzoli,/federico-bonazzoli/profil/spieler/241527,€4.00m,Hellas Verona,ITA,"May 21, 1997 (26)",Manerbio,Italy,"1,82 m",Centre-Forward,,2-Sep,left,26,Italy U21,,
Jayden Braaf,/jayden-braaf/profil/spieler/470391,€1.00m,Hellas Verona,ITA,"Aug 31, 2002 (21)",Amsterdam,Netherlands,"1,80 m",Centre-Forward,,2-Mar,right,21,Netherlands U18,,CAA Stellar
Milan Djuric,/milan-djuric/profil/spieler/67556,€1.00m,Hellas Verona,ITA,"May 22, 1990 (33)",Tuzla,Bosnia-Herzegovina,"1,99 m",Centre-Forward,,15 / 7,right,33,Bosnia,,
Wladimiro Falcone,/wladimiro-falcone/profil/spieler/238537,€5.00m,US Lecce,ITA,"Apr 12, 1995 (28)",Roma,Italy,"1,95 m",Goalkeeper,,0 / 0,right,28,,Italy,
Federico Brancolini,/federico-brancolini/profil/spieler/451154,€200k,US Lecce,ITA,"Jul 14, 2001 (22)",Modena,Italy,"1,92 m",Goalkeeper,,0 / 0,right,22,Italy U21,,
Alexandru Borbei,/alexandru-borbei/profil/spieler/667640,€150k,US Lecce,ITA,"Jun 27, 2003 (20)",Petrila,Romania,"1,83 m",Goalkeeper,Romania U21,0 / 0,right,20,,,
Jasper Samooja,/jasper-samooja/profil/spieler/712911,€75k,US Lecce,ITA,"Jul 21, 2003 (20)",,Finland,"1,89 m",Goalkeeper,,,,20,,,PRO Profil GmbH
Antonino Viola,/antonino-viola/profil/spieler/738119,€75k,US Lecce,ITA,"Jul 14, 2003 (20)",Palermo,Italy,"1,90 m",Goalkeeper,,,,20,,,
Federico Baschirotto,/federico-baschirotto/profil/spieler/351955,€8.00m,US Lecce,ITA,"Sep 20, 1996 (26)",Isola della Scala,Italy,"1,87 m",Centre-Back,,0 / 0,right,26,Italy,,
Marin Pongracic,/marin-pongracic/profil/spieler/282144,€4.00m,US Lecce,ITA,"Sep 11, 1997 (26)",Landshut,Croatia,"1,93 m",Centre-Back,,May-00,right,26,Croatia,,Match2gether
Ahmed Touba,/ahmed-touba/profil/spieler/325924,€3.30m,US Lecce,ITA,"Mar 13, 1998 (25)",Roubaix,Algeria,"1,90 m",Centre-Back,Algeria,1-Nov,left,25,,,
Kastriot Dermaku,/kastriot-dermaku/profil/spieler/163647,€400k,US Lecce,ITA,"Jan 15, 1992 (31)",Scandiano,Albania,"1,94 m",Centre-Back,,13 / 1,right,31,Albania,,
Zinedin Smajlovic,/zinedin-smajlovic/profil/spieler/958649,€100k,US Lecce,ITA,"Dec 20, 2003 (19)",Stockholm,Bosnia-Herzegovina,"1,91 m",Centre-Back,Bosnia U21,0 / 0,,19,,,
Antonino Gallo,/antonino-gallo/profil/spieler/392516,€2.50m,US Lecce,ITA,"Jan 5, 2000 (23)",Palermo,Italy,"1,83 m",Left-Back,,Jan-00,left,23,,Italy U21,
Patrick Dorgu,/patrick-dorgu/profil/spieler/926952,€400k,US Lecce,ITA,"Oct 26, 2004 (18)",,Denmark,"1,75 m",Left-Back,Denmark U20,0 / 0,left,18,,,
Valentin Gendrey,/valentin-gendrey/profil/spieler/569387,€4.00m,US Lecce,ITA,"Jun 21, 2000 (23)",La Garenne-Colombes,France,"1,79 m",Right-Back,,Feb-00,right,23,,France U21,
Lorenzo Venuti,/lorenzo-venuti/profil/spieler/240219,€2.00m,US Lecce,ITA,"Apr 12, 1995 (28)",Montevarchi,Italy,"1,79 m",Right-Back,,Jan-00,right,28,Italy U21,,Team Raiola
Alexis Blin,/alexis-blin/profil/spieler/236041,€2.50m,US Lecce,ITA,"Sep 16, 1996 (26)",Le Mans,France,"1,84 m",Defensive Midfield,,Feb-00,right,26,France U21,,Kemari
Ylber Ramadani,/ylber-ramadani/profil/spieler/442703,€800k,US Lecce,ITA,"Apr 12, 1996 (27)",Starnberg,Albania,"1,85 m",Defensive Midfield,Albania,29 / 1,right,27,,,
Giacomo Faticanti,/giacomo-faticanti/profil/spieler/651002,€800k,US Lecce,ITA,"Jul 31, 2004 (19)",Roma,Italy,"1,86 m",Defensive Midfield,Italy U20,Aug-00,right,19,,,
Joan González,/joan-gonzalez/profil/spieler/692209,€6.00m,US Lecce,ITA,"Feb 1, 2002 (21)",Barcelona,Spain,"1,90 m",Central Midfield,,,right,21,,,
Mohamed Kaba,/mohamed-kaba/profil/spieler/911328,€3.00m,US Lecce,ITA,"Oct 27, 2001 (21)",Orléans,France,"1,85 m",Central Midfield,,,right,21,,,
Hamza Rafia,/hamza-rafia/profil/spieler/418571,€600k,US Lecce,ITA,"Apr 2, 1999 (24)",Kalaat Senan,Tunisia,"1,81 m",Central Midfield,Tunisia,20 / 0,right,24,,,
Medon Berisha,/medon-berisha/profil/spieler/583046,€500k,US Lecce,ITA,"Oct 21, 2003 (19)",Münsingen,Albania,"1,86 m",Central Midfield,Albania U21,1-May,right,19,,,
Lameck Banda,/lameck-banda/profil/spieler/545538,€4.00m,US Lecce,ITA,"Jan 29, 2001 (22)",Lusaka,Zambia,"1,69 m",Left Winger,Zambia,2-Aug,right,22,,,
Marcin Listkowski,/marcin-listkowski/profil/spieler/291276,€300k,US Lecce,ITA,"Feb 10, 1998 (25)",Rypin,Poland,"1,78 m",Left Winger,,Aug-00,na,25,Poland U21,,
Gabriel Strefezza,/gabriel-strefezza/profil/spieler/457673,€10.00m,US Lecce,ITA,"Apr 18, 1997 (26)",São Paulo,Brazil,"1,68 m",Right Winger,,,right,26,,,
Rémi Oudin,/remi-oudin/profil/spieler/399543,€4.00m,US Lecce,ITA,"Nov 18, 1996 (26)",Châlons-en-Champagn...,France,"1,86 m",Right Winger,,,left,26,,,
Pontus Almqvist,/pontus-almqvist/profil/spieler/300532,€1.80m,US Lecce,ITA,"Jul 10, 1999 (24)",Nyköping,Sweden,"1,83 m",Right Winger,,2-May,left,24,Sweden U21,,
Jeppe Corfitzen,/jeppe-corfitzen/profil/spieler/709985,€200k,US Lecce,ITA,"Dec 29, 2004 (18)",,Denmark,,Right Winger,Denmark U20,0 / 0,left,18,,,
Roberto Piccoli,/roberto-piccoli/profil/spieler/432092,€3.50m,US Lecce,ITA,"Jan 27, 2001 (22)",Bergamo,Italy,"1,90 m",Centre-Forward,,1-Apr,right,22,Italy U21,,
Nikola Krstovic,/nikola-krstovic/profil/spieler/434433,€2.20m,US Lecce,ITA,"Apr 5, 2000 (23)",Golubovac,Montenegro,"1,85 m",Centre-Forward,Montenegro,1-Sep,right,23,,,
Rares Burnete,/rares-burnete/profil/spieler/731525,€700k,US Lecce,ITA,"Jan 31, 2004 (19)",Sighișoara,Romania,"1,85 m",Centre-Forward,Romania U21,0 / 0,right,19,,,
Simone Scuffet,/simone-scuffet/profil/spieler/238993,€2.00m,Cagliari Calcio,ITA,"May 31, 1996 (27)",Udine,Italy,"1,93 m",Goalkeeper,,0 / 0,right,27,Italy,,
Boris Radunović,/boris-radunovi%C4%87/profil/spieler/258482,€1.50m,Cagliari Calcio,ITA,"May 26, 1996 (27)",Belgrade,Serbia,"1,94 m",Goalkeeper,Serbia,0 / 0,right,27,,,VPA Sports
Simone Aresti,/simone-aresti/profil/spieler/41912,€75k,Cagliari Calcio,ITA,"Mar 15, 1986 (37)",Carbonia,Italy,"1,87 m",Goalkeeper,,,right,37,,,
Pantelis Chatzidiakos,/pantelis-chatzidiakos/profil/spieler/144244,€4.00m,Cagliari Calcio,ITA,"Jan 18, 1997 (26)",Rhodos,Greece,"1,85 m",Centre-Back,Greece,29 / 0,right,26,,,Sports360 GmbH
Mateusz Wieteska,/mateusz-wieteska/profil/spieler/208172,€3.00m,Cagliari Calcio,ITA,"Feb 11, 1997 (26)",Warszawa,Poland,"1,87 m",Centre-Back,Poland,Feb-00,right,26,,,UNIDOS
Adam Obert,/adam-obert/profil/spieler/568333,€1.80m,Cagliari Calcio,ITA,"Aug 23, 2002 (21)",Bratislava,Slovakia,"1,88 m",Centre-Back,Slovakia U21,Nov-00,left,21,,,
Alberto Dossena,/alberto-dossena/profil/spieler/385394,€1.70m,Cagliari Calcio,ITA,"Oct 13, 1998 (24)",Brescia,Italy,"1,95 m",Centre-Back,,,right,24,,,
Elio Capradossi,/elio-capradossi/profil/spieler/238947,€750k,Cagliari Calcio,ITA,"Mar 11, 1996 (27)",Kampala,Italy,"1,85 m",Centre-Back,,Apr-00,na,27,Italy U21,,
Edoardo Goldaniga,/edoardo-goldaniga/profil/spieler/242940,€700k,Cagliari Calcio,ITA,"Nov 2, 1993 (29)",Milano,Italy,"1,93 m",Centre-Back,,Feb-00,right,29,Italy U21,,
Tommaso Augello,/tommaso-augello/profil/spieler/284595,€2.00m,Cagliari Calcio,ITA,"Aug 30, 1994 (29)",Milano,Italy,"1,80 m",Left-Back,,,left,29,,,
Paulo Azzi,/paulo-azzi/profil/spieler/310527,€1.60m,Cagliari Calcio,ITA,"Jul 15, 1994 (29)",Bragança Paulista,Brazil,"1,88 m",Left-Back,,,right,29,,,
Gabriele Zappa,/gabriele-zappa/profil/spieler/392569,€2.00m,Cagliari Calcio,ITA,"Dec 22, 1999 (23)",Monza,Italy,"1,87 m",Right-Back,,Apr-00,right,23,Italy U21,,
Alessandro Di Pardo,/alessandro-di-pardo/profil/spieler/457674,€600k,Cagliari Calcio,ITA,"Jul 18, 1999 (24)",Rimini,Italy,"1,82 m",Right-Back,,Jan-00,right,24,Italy U20,,
Ibrahim Sulemana,/ibrahim-sulemana/profil/spieler/982267,€1.50m,Cagliari Calcio,ITA,"May 22, 2003 (20)",Sunyani,Ghana,"1,80 m",Defensive Midfield,,,right,20,,,
Matteo Prati,/matteo-prati/profil/spieler/876298,€1.00m,Cagliari Calcio,ITA,"Dec 28, 2003 (19)",Ravenna,Italy,"1,85 m",Defensive Midfield,Italy U21,0 / 0,right,19,,,
Nahitan Nández,/nahitan-nandez/profil/spieler/315063,€5.00m,Cagliari Calcio,ITA,"Dec 28, 1995 (27)",Punta del Este,Uruguay,"1,72 m",Central Midfield,Uruguay,50 / 0,right,27,,,
Antoine Makoumbou,/antoine-makoumbou/profil/spieler/460651,€3.00m,Cagliari Calcio,ITA,"Jul 18, 1998 (25)",Paris,Congo,"1,87 m",Central Midfield,Congo,14 / 1,right,25,,,
Alessandro Deiola,/alessandro-deiola/profil/spieler/235931,€1.80m,Cagliari Calcio,ITA,"Aug 1, 1995 (28)",San Gavino Monreale,Italy,"1,90 m",Central Midfield,,,right,28,,,Team Raiola
Marko Rog,/marko-rog/profil/spieler/317482,€1.70m,Cagliari Calcio,ITA,"Jul 19, 1995 (28)",Varaždin,Croatia,"1,80 m",Central Midfield,,21 / 0,right,28,Croatia,,
Nicolas Viola,/nicolas-viola/profil/spieler/85393,€600k,Cagliari Calcio,ITA,"Oct 12, 1989 (33)",Oppido Mamertina,Italy,"1,80 m",Central Midfield,,3-Jul,left,33,Italy U19,,
Jakub Jankto,/jakub-jankto/profil/spieler/319160,€1.00m,Cagliari Calcio,ITA,"Jan 19, 1996 (27)",Praha,Czech Republic,"1,84 m",Left Midfield,,45 / 4,left,27,Czechia,,
Gastón Pereiro,/gaston-pereiro/profil/spieler/264116,€2.00m,Cagliari Calcio,ITA,"Jun 11, 1995 (28)",Montevideo,Uruguay,"1,88 m",Attacking Midfield,,13 / 5,left,28,Uruguay,,
Gaetano Oristanio,/gaetano-oristanio/profil/spieler/613393,€1.00m,Cagliari Calcio,ITA,"Sep 28, 2002 (20)",Vallo della Lucania,Italy,"1,74 m",Attacking Midfield,Italy U21,Mar-00,left,20,,,
Marco Mancosu,/marco-mancosu/profil/spieler/51736,€900k,Cagliari Calcio,ITA,"Aug 22, 1988 (35)",Cagliari,Italy,"1,80 m",Attacking Midfield,,Jan-00,right,35,Italy U21,,
Jacopo Desogus,/jacopo-desogus/profil/spieler/610878,€400k,Cagliari Calcio,ITA,"Oct 1, 2002 (20)",Cagliari,Italy,"1,74 m",Left Winger,,Jan-00,right,20,Italy U20,,
Andrea Petagna,/andrea-petagna/profil/spieler/199258,€10.00m,Cagliari Calcio,ITA,"Jun 30, 1995 (28)",Trieste,Italy,"1,90 m",Centre-Forward,,Jan-00,left,28,Italy,,
Eldor Shomurodov,/eldor-shomurodov/profil/spieler/358166,€6.00m,Cagliari Calcio,ITA,"Jun 29, 1995 (28)","Jarkurgan, ...",Uzbekistan,"1,90 m",Centre-Forward,Uzbekistan,66 / 37,right,28,,,
Gianluca Lapadula,/gianluca-lapadula/profil/spieler/130394,€2.70m,Cagliari Calcio,ITA,"Feb 7, 1990 (33)",Torino,Peru,"1,78 m",Centre-Forward,,27 / 9,left,33,,Peru,
Zito Luvumbo,/zito-luvumbo/profil/spieler/666547,€2.00m,Cagliari Calcio,ITA,"Mar 9, 2002 (21)",Luanda,Angola,"1,71 m",Centre-Forward,Angola,Aug-00,left,21,,,
Leonardo Pavoletti,/leonardo-pavoletti/profil/spieler/64793,€1.00m,Cagliari Calcio,ITA,"Nov 26, 1988 (34)",Livorno,Italy,"1,88 m",Centre-Forward,,1-Jan,right,34,Italy,,
Stefano Turati,/stefano-turati/profil/spieler/543666,€4.50m,Frosinone Calcio,ITA,"Sep 5, 2001 (22)",Milano,Italy,"1,88 m",Goalkeeper,,Apr-00,right,22,,Italy U21,
Michele Cerofolini,/michele-cerofolini/profil/spieler/370701,€500k,Frosinone Calcio,ITA,"Jan 4, 1999 (24)",Arezzo,Italy,"1,88 m",Goalkeeper,,Feb-00,right,24,Italy U21,,
Pierluigi Frattali,/pierluigi-frattali/profil/spieler/43217,€150k,Frosinone Calcio,ITA,"Dec 1, 1985 (37)",Roma,Italy,"1,85 m",Goalkeeper,,,right,37,,,
Caleb Okoli,/caleb-okoli/profil/spieler/461833,€10.00m,Frosinone Calcio,ITA,"Jul 13, 2001 (22)",Vicenza,Italy,"1,91 m",Centre-Back,,14 / 1,right,22,,Italy U21,
Simone Romagnoli,/simone-romagnoli/profil/spieler/88706,€750k,Frosinone Calcio,ITA,"Feb 9, 1990 (33)",Cremona,Italy,"1,93 m",Centre-Back,,Jun-00,right,33,Italy U21,,
Ilario Monterisi,/ilario-monterisi/profil/spieler/550116,€300k,Frosinone Calcio,ITA,"Dec 19, 2001 (21)",Trani,Italy,"1,90 m",Centre-Back,,,right,21,,,
Sergio Kalaj,/sergio-kalaj/profil/spieler/457237,€200k,Frosinone Calcio,ITA,"Jan 28, 2000 (23)",Marino,Albania,"1,93 m",Centre-Back,,Jul-00,right,23,Albania U21,,
Matjaz Kamensek-Pahic,/matjaz-kamensek-pahic/profil/spieler/722377,€100k,Frosinone Calcio,ITA,"Jul 4, 2004 (19)",Maribor,Slovenia,"1,89 m",Centre-Back,,Jul-00,right,19,,Slovenia U19,
Daniel Macej,/daniel-macej/profil/spieler/671543,€25k,Frosinone Calcio,ITA,"Apr 29, 2004 (19)",,Czech Republic,,Centre-Back,,Mar-00,,19,Czechia U15,,
Riccardo Marchizza,/riccardo-marchizza/profil/spieler/297645,€1.00m,Frosinone Calcio,ITA,"Mar 26, 1998 (25)",Roma,Italy,"1,86 m",Left-Back,,1-Sep,left,25,Italy U21,,
Pol Lirola,/pol-lirola/profil/spieler/298975,€2.00m,Frosinone Calcio,ITA,"Aug 13, 1997 (26)",Mollet del Vallès,Spain,"1,83 m",Right-Back,,Feb-00,right,26,Spain U21,,Universal Twenty Two
Anthony Oyono,/anthony-oyono/profil/spieler/804812,€400k,Frosinone Calcio,ITA,"Apr 12, 2001 (22)",Lille,Gabon,"1,84 m",Right-Back,Gabon,Dec-00,right,22,,,
Luca Mazzitelli,/luca-mazzitelli/profil/spieler/226025,€3.00m,Frosinone Calcio,ITA,"Nov 15, 1995 (27)",Roma,Italy,"1,84 m",Defensive Midfield,,Jul-00,right,27,Italy U21,,GG11
Mehdi Bourabia,/mehdi-bourabia/profil/spieler/131731,€1.30m,Frosinone Calcio,ITA,"Aug 7, 1991 (32)",Dijon,Morocco,"1,83 m",Defensive Midfield,,Aug-00,right,32,Morocco,,
Enzo Barrenechea,/enzo-barrenechea/profil/spieler/671915,€900k,Frosinone Calcio,ITA,"May 22, 2001 (22)",Villa María,Argentina,"1,86 m",Defensive Midfield,,,right,22,,,SP
Abdou Harroui,/abdou-harroui/profil/spieler/416386,€2.70m,Frosinone Calcio,ITA,"Jan 13, 1998 (25)",Leiden,Morocco,"1,82 m",Central Midfield,,0 / 0,na,25,Morocco,,
Marco Brescianini,/marco-brescianini/profil/spieler/459128,€900k,Frosinone Calcio,ITA,"Jan 20, 2000 (23)",Calcinate,Italy,"1,88 m",Central Midfield,,0 / 0,left,23,Italy U21,,
Karlo Lulic,/karlo-lulic/profil/spieler/240252,€750k,Frosinone Calcio,ITA,"May 10, 1996 (27)",Nova Gradiška,Croatia,"1,87 m",Central Midfield,,Jan-00,right,27,Croatia U21,,
Reinier,/reinier/profil/spieler/627226,€2.00m,Frosinone Calcio,ITA,"Jan 19, 2002 (21)",Brasília,Brazil,"1,85 m",Attacking Midfield,,2-Sep,right,21,Brazil U23,,
Luca Garritano,/luca-garritano/profil/spieler/205677,€1.70m,Frosinone Calcio,ITA,"Feb 11, 1994 (29)",Cosenza,Italy,"1,72 m",Attacking Midfield,,Dec-00,right,29,Italy U21,,
Francesco Gelli,/francesco-gelli/profil/spieler/337811,€400k,Frosinone Calcio,ITA,"Oct 15, 1996 (26)",Livorno,Italy,"1,73 m",Attacking Midfield,,,right,26,,,
Giuseppe Caso,/giuseppe-caso/profil/spieler/398030,€3.00m,Frosinone Calcio,ITA,"Dec 9, 1998 (24)",Torre Annunziata,Italy,"1,72 m",Left Winger,,,right,24,,,
Jaime Báez,/jaime-baez/profil/spieler/238654,€1.20m,Frosinone Calcio,ITA,"Apr 25, 1995 (28)",Montevideo,Uruguay,"1,78 m",Left Winger,,21 / 2,right,28,Uruguay U20,,
Arijon Ibrahimovic,/arijon-ibrahimovic/profil/spieler/744728,€1.00m,Frosinone Calcio,ITA,"Dec 11, 2005 (17)",Nürnberg,Germany,"1,76 m",Left Winger,Germany U19,0 / 0,right,17,,,
Giorgi Kvernadze,/giorgi-kvernadze/profil/spieler/412758,€500k,Frosinone Calcio,ITA,"Feb 7, 2003 (20)",Samtredia,Georgia,"1,88 m",Left Winger,Georgia U21,May-00,right,20,,,
Soufiane Bidaoui,/soufiane-bidaoui/profil/spieler/90118,€400k,Frosinone Calcio,ITA,"Apr 20, 1990 (33)",Etterbeek,Morocco,"1,68 m",Left Winger,,Apr-00,right,33,Morocco U23,,
Matías Soulé,/matias-soule/profil/spieler/668951,€4.00m,Frosinone Calcio,ITA,"Apr 15, 2003 (20)",Mar del Plata,Argentina,"1,82 m",Right Winger,Argentina U20,Feb-00,left,20,,,
Walid Cheddira,/walid-cheddira/profil/spieler/521407,€7.50m,Frosinone Calcio,ITA,"Jan 22, 1998 (25)",Loreto,Morocco,"1,87 m",Centre-Forward,Morocco,Jun-00,right,25,,,
Kaio Jorge,/kaio-jorge/profil/spieler/620477,€3.00m,Frosinone Calcio,ITA,"Jan 24, 2002 (21)",Olinda,Brazil,"1,82 m",Centre-Forward,,0 / 0,right,21,Brazil U20,,
Marvin Cuni,/marvin-cuni/profil/spieler/453864,€400k,Frosinone Calcio,ITA,"Jul 10, 2001 (22)",Freising,Germany,"1,88 m",Centre-Forward,,0 / 0,right,22,Albania U21,,
Simone Stampete,/simone-stampete/profil/spieler/860708,€50k,Frosinone Calcio,ITA,"Nov 28, 2002 (20)",,Italy,"1,80 m",Centre-Forward,,,left,20,,,
